TAZ,DMA
4,8
5,8
1,8
2,8
3,8
6,8
8,8
9,8
7,8
12,8
13,8
15,8
16,8
14,8
10,8
11,8
17,8
18,8
19,8
21,8
23,8
20,8
24,8
26,8
27,8
28,8
34,8
29,8
25,8
22,8
32,8
30,8
31,8
37,8
35,8
33,8
38,8
36,8
39,8
41,8
40,8
45,8
44,8
42,8
48,8
51,8
53,8
52,8
43,8
54,8
46,8
47,8
55,8
50,8
62,8
63,8
64,8
56,8
61,8
60,8
57,8
49,8
66,8
59,8
58,8
65,8
67,8
70,8
73,8
71,8
72,8
68,8
69,8
74,8
75,8
76,8
78,8
77,8
79,8
81,8
82,8
80,8
83,8
84,8
85,8
86,8
88,8
87,8
90,8
91,8
89,8
93,8
92,8
94,8
95,8
96,8
98,8
97,8
99,8
100,8
101,8
102,8
103,8
104,8
106,8
105,8
107,8
109,8
110,8
112,8
318,8
319,8
320,8
470,8
469,8
471,8
462,8
476,8
117,8
195,8
199,8
204,8
299,8
301,8
511,8
607,8
596,8
595,8
608,8
638,8
637,8
639,8
734,8
731,8
726,8
717,8
727,8
722,8
724,8
730,8
661,8
667,8
664,8
678,8
675,8
703,8
720,8
732,8
803,8
801,8
788,8
805,8
113,8
114,8
115,8
116,8
118,8
108,8
111,8
119,8
123,8
125,8
122,8
124,8
126,8
129,8
132,8
127,8
130,8
128,8
131,8
135,8
134,8
133,8
137,8
136,8
140,8
139,8
141,8
142,8
143,8
138,8
144,8
145,8
146,8
147,8
149,8
148,8
151,8
156,8
155,8
157,8
158,8
153,8
152,8
150,8
161,8
162,8
159,8
154,8
163,8
164,8
165,8
166,8
169,8
171,8
168,8
167,8
170,8
160,8
173,8
172,8
174,8
175,8
177,8
178,8
179,8
176,8
180,8
181,8
182,8
183,8
185,8
184,8
186,8
187,8
188,8
191,8
189,8
193,8
192,8
196,8
190,8
205,8
197,8
194,8
202,8
200,8
201,8
198,8
206,8
203,8
208,8
207,8
210,8
212,8
211,8
214,8
215,8
217,8
220,8
216,8
213,8
219,8
223,8
221,8
222,8
209,8
226,8
224,8
225,8
227,8
230,8
228,8
229,8
232,8
234,8
231,8
237,8
235,8
238,8
233,8
239,8
240,8
241,8
242,8
244,8
250,8
246,8
249,8
253,8
248,8
247,8
252,8
245,8
251,8
254,8
255,8
260,8
256,8
259,8
218,8
236,8
265,8
263,8
258,8
261,8
243,8
266,8
257,8
262,8
264,8
267,8
268,8
273,8
270,8
269,8
271,8
272,8
274,8
278,8
288,8
279,8
280,8
282,8
283,8
286,8
285,8
292,8
290,8
277,8
275,8
289,8
294,8
291,8
293,8
281,8
284,8
298,8
300,8
297,8
308,8
309,8
312,8
315,8
313,8
302,8
306,8
305,8
307,8
304,8
303,8
310,8
314,8
311,8
316,8
321,8
422,8
423,8
438,8
425,8
614,8
615,8
616,8
618,8
619,8
620,8
1227,8
1226,8
1162,8
1252,8
322,8
317,8
295,8
296,8
324,8
323,8
325,8
326,8
327,8
328,8
329,8
330,8
331,8
337,8
332,8
333,8
334,8
335,8
336,8
339,8
343,8
342,8
345,8
341,8
350,8
344,8
346,8
276,8
347,8
348,8
356,8
349,8
351,8
352,8
353,8
359,8
354,8
357,8
355,8
360,8
358,8
364,8
340,8
362,8
361,8
363,8
365,8
370,8
366,8
367,8
368,8
371,8
372,8
375,8
373,8
374,8
376,8
382,8
377,8
383,8
380,8
378,8
386,8
381,8
379,8
384,8
385,8
390,8
391,8
392,8
397,8
369,8
338,8
388,8
389,8
387,8
394,8
287,8
393,8
395,8
401,8
396,8
406,8
398,8
412,8
399,8
400,8
402,8
403,8
410,8
409,8
408,8
404,8
407,8
405,8
411,8
414,8
413,8
417,8
418,8
421,8
427,8
419,8
420,8
430,8
431,8
424,8
436,8
437,8
426,8
428,8
435,8
429,8
433,8
447,8
434,8
440,8
439,8
441,8
443,8
448,8
446,8
455,8
444,8
454,8
445,8
456,8
458,8
459,8
461,8
460,8
463,8
465,8
432,8
451,8
472,8
473,8
464,8
475,8
450,8
466,8
467,8
474,8
485,8
484,8
483,8
493,8
489,8
492,8
490,8
480,8
481,8
452,8
486,8
487,8
468,8
495,8
491,8
482,8
478,8
477,8
479,8
442,8
453,8
457,8
496,8
500,8
498,8
494,8
497,8
503,8
502,8
505,8
506,8
507,8
501,8
499,8
504,8
508,8
510,8
512,8
509,8
449,8
518,8
513,8
514,8
516,8
526,8
522,8
515,8
519,8
528,8
523,8
517,8
530,8
540,8
521,8
520,8
531,8
525,8
488,8
527,8
547,8
534,8
529,8
550,8
537,8
539,8
548,8
546,8
544,8
524,8
538,8
536,8
549,8
532,8
541,8
542,8
533,8
535,8
543,8
545,8
552,8
554,8
555,8
553,8
120,8
556,8
121,8
415,8
565,8
557,8
558,8
559,8
561,8
568,8
563,8
551,8
576,8
569,8
574,8
562,8
567,8
572,8
564,8
577,8
579,8
578,8
580,8
581,8
570,8
573,8
571,8
560,8
582,8
590,8
585,8
583,8
589,8
584,8
591,8
588,8
575,8
586,8
566,8
592,8
593,8
603,8
604,8
610,8
611,8
609,8
601,8
600,8
605,8
602,8
598,8
597,8
594,8
612,8
599,8
606,8
617,8
622,8
621,8
626,8
624,8
625,8
635,8
636,8
623,8
634,8
613,8
628,8
629,8
630,8
631,8
632,8
633,8
641,8
642,8
640,8
644,8
643,8
647,8
650,8
627,8
646,8
649,8
648,8
652,8
645,8
657,8
656,8
660,8
653,8
654,8
651,8
665,8
669,8
658,8
666,8
663,8
659,8
655,8
668,8
671,8
677,8
662,8
670,8
672,8
674,8
680,8
683,8
681,8
682,8
688,8
685,8
691,8
689,8
687,8
694,8
692,8
693,8
673,8
686,8
684,8
695,8
696,8
698,8
704,8
679,8
697,8
699,8
705,8
700,8
676,8
706,8
707,8
702,8
708,8
709,8
711,8
712,8
710,8
701,8
690,8
714,8
715,8
716,8
719,8
718,8
725,8
713,8
721,8
729,8
728,8
733,8
723,8
741,8
740,8
742,8
799,8
1033,8
1035,8
1034,8
1037,8
1060,8
1064,8
1066,8
1068,8
1065,8
1079,8
1144,8
1092,8
1150,8
1139,8
1256,8
1257,8
1253,8
1378,8
735,8
743,8
738,8
739,8
755,8
751,8
744,8
756,8
746,8
748,8
750,8
757,8
760,8
754,8
745,8
752,8
747,8
758,8
753,8
767,8
749,8
763,8
764,8
762,8
736,8
765,8
759,8
737,8
768,8
761,8
766,8
769,8
772,8
771,8
874,7
781,8
774,8
773,8
775,8
770,8
780,8
779,8
778,8
777,8
784,8
785,8
790,8
786,8
789,8
783,8
795,8
794,8
793,8
796,8
791,8
802,8
875,7
800,8
808,8
807,8
806,8
809,8
804,8
811,8
797,8
798,8
810,8
787,8
792,8
776,8
813,8
876,7
817,8
814,8
812,8
816,8
820,8
818,8
825,8
819,8
823,8
824,8
815,8
822,8
827,8
829,8
826,8
821,8
828,8
782,8
835,8
830,8
836,8
833,8
881,7
587,8
831,8
837,8
878,7
832,8
839,8
840,8
850,8
847,8
842,8
834,8
852,8
843,8
844,8
838,8
845,8
846,8
879,7
853,8
857,8
855,8
858,8
880,7
854,8
1002,8
1003,8
848,8
851,8
856,8
859,8
849,8
860,8
865,8
867,8
1004,8
1005,8
868,8
869,8
862,8
866,8
863,8
864,8
877,7
873,8
884,7
872,8
870,8
871,8
861,8
841,8
416,8
1006,8
1027,8
1026,8
1030,8
1036,8
1047,8
1062,8
1051,8
1082,8
1101,8
1097,8
1085,8
1261,8
1271,8
902,7
900,7
899,7
1268,8
1278,8
883,7
905,7
1377,8
1371,8
1373,8
1884,8
1873,8
1008,8
1007,8
1011,8
1009,8
1010,8
1016,8
1012,8
1013,8
1015,8
1014,8
1017,8
1019,8
1018,8
1022,8
1021,8
1025,8
1023,8
1028,8
1024,8
882,7
1038,8
1031,8
1039,8
1043,8
1045,8
1046,8
1049,8
1058,8
1050,8
1040,8
1029,8
1041,8
1044,8
1020,8
1042,8
1055,8
1059,8
1053,8
1056,8
1054,8
1048,8
1061,8
1052,8
1057,8
1032,8
1063,8
1067,8
1069,8
1070,8
1071,8
1072,8
1073,8
1075,8
1076,8
1074,8
1077,8
1078,8
1080,8
1081,8
1090,8
1088,8
1091,8
1089,8
1084,8
1083,8
1086,8
1087,8
1103,8
1098,8
1104,8
1105,8
1094,8
1095,8
1096,8
1093,8
1102,8
1100,8
1108,8
1099,8
1107,8
1116,8
1115,8
1109,8
1112,8
1111,8
1113,8
1114,8
1118,8
1110,8
1122,8
1119,8
1124,8
1117,8
1123,8
1121,8
1128,8
1131,8
1127,8
1125,8
1126,8
887,7
1120,8
1129,8
886,7
1141,8
1130,8
1132,8
1133,8
888,7
1151,8
1135,8
1149,8
1147,8
1136,8
1142,8
1134,8
1152,8
1138,8
1140,8
1148,8
1146,8
1145,8
1143,8
1137,8
1156,8
1157,8
1158,8
1155,8
1154,8
1153,8
1167,8
1163,8
1161,8
1159,8
1160,8
1166,8
1164,8
1173,8
1170,8
1165,8
1181,8
1176,8
1169,8
1182,8
1168,8
1180,8
1174,8
1177,8
1172,8
1178,8
1188,8
1175,8
1106,8
1183,8
1186,8
1189,8
892,7
1195,8
1184,8
1199,8
1179,8
1171,8
1198,8
1192,8
1193,8
1206,8
1202,8
1203,8
1187,8
1201,8
1194,8
1208,8
1196,8
1205,8
1211,8
1209,8
1207,8
891,7
895,7
889,7
894,7
1185,8
1212,8
1213,8
1217,8
1197,8
1190,8
1218,8
1204,8
1216,8
1210,8
1191,8
1215,8
1224,8
1230,8
1232,8
1228,8
1222,8
1241,8
1240,8
1238,8
1239,8
1200,8
1220,8
1234,8
1229,8
1237,8
1214,8
1236,8
1231,8
1233,8
1225,8
1221,8
1242,8
1243,8
1244,8
1245,8
1246,8
1223,8
1248,8
1251,8
896,7
1247,8
1219,8
1250,8
897,7
1259,8
1262,8
1254,8
1249,8
1255,8
1258,8
1265,8
1264,8
1260,8
1276,8
1267,8
1266,8
1270,8
1272,8
1269,8
901,7
903,7
904,7
1235,8
1283,8
1279,8
1273,8
1274,8
1282,8
1281,8
1280,8
1284,8
1277,8
1263,8
1291,8
1287,8
1288,8
1289,8
906,7
1286,8
910,7
1285,8
1296,8
907,7
1294,8
908,7
898,7
1297,8
1290,8
911,7
1295,8
890,7
1292,8
1298,8
1302,8
1304,8
1300,8
913,7
1275,8
1312,8
1309,8
1311,8
1306,8
1310,8
1315,8
1307,8
1318,8
1314,8
1305,8
1316,8
1319,8
1308,8
1313,8
1323,8
1320,8
1326,8
1322,8
1329,8
909,7
1325,8
1321,8
915,7
1303,8
1299,8
916,7
918,7
1301,8
914,7
1327,8
919,7
1328,8
1324,8
885,7
1293,8
921,7
1337,8
1332,8
1330,8
1339,8
1331,8
912,7
920,7
923,7
922,7
917,7
1335,8
893,7
1336,8
1338,8
1341,8
924,7
1333,8
1343,8
1342,8
1346,8
926,7
1347,8
925,7
1349,8
1355,8
1352,8
1344,8
1351,8
1357,8
1350,8
1348,8
1360,8
1363,8
1362,8
1334,8
1353,8
1354,8
1340,8
1345,8
1356,8
1358,8
1361,8
1359,8
1365,8
1364,8
1366,8
932,7
928,7
930,7
1368,8
927,7
931,7
1372,8
938,7
933,7
1369,8
1367,8
1370,8
1374,8
1382,8
1376,8
1379,8
1375,8
1380,8
1381,8
1385,8
1384,8
1386,8
1390,8
943,7
1387,8
1391,8
934,7
941,7
939,7
942,7
937,7
935,7
944,7
945,7
1389,8
1392,8
1388,8
946,7
1399,8
1396,8
1393,8
1404,8
1394,8
948,7
978,7
1495,8
982,7
1583,7
993,7
1622,7
1619,7
2002,8
1687,7
1702,7
2134,8
2142,8
1564,7
1565,7
1553,7
2201,8
2199,8
2193,8
2202,8
2208,8
1406,8
1409,8
1405,8
1408,8
1411,8
1401,8
1397,8
940,7
1402,8
1398,8
1403,8
1317,8
1400,8
947,7
936,7
929,7
1416,8
1418,8
1417,8
1410,8
1395,8
1415,8
1413,8
1419,8
1412,8
1407,8
1414,8
1383,8
1423,8
955,7
952,7
1422,8
1424,8
1426,8
1420,8
1421,8
1425,8
1427,8
950,7
954,7
953,7
951,7
1428,8
1429,8
1441,8
1435,8
1436,8
1432,8
1439,8
1438,8
1433,8
1430,8
1434,8
1445,8
959,7
1440,8
1450,8
1437,8
958,7
1449,8
1448,8
1452,8
957,7
1443,8
1444,8
1447,8
949,7
1459,8
1453,8
1451,8
1454,8
1461,8
1467,8
1446,8
1466,8
1465,8
1457,8
1462,8
1460,8
1463,8
1456,8
1455,8
1458,8
1464,8
963,7
1470,8
1469,8
973,7
1471,8
1473,8
1475,8
1478,8
972,7
1477,8
975,7
1442,8
965,7
964,7
969,7
974,7
968,7
966,7
1479,8
1474,8
1472,8
1497,8
980,7
1498,8
1503,8
1589,7
1892,8
1891,8
1001,7
1933,8
1925,8
998,7
1934,8
1932,8
1931,8
1965,8
1623,7
1627,7
1966,8
1676,7
1668,7
1665,7
1481,8
1482,8
1483,8
1480,8
962,7
1484,8
1487,8
1476,8
977,7
976,7
1488,8
1492,8
1490,8
1493,8
1489,8
1491,8
979,7
1494,8
1500,8
1499,8
967,7
960,7
971,7
970,7
1501,8
1502,8
983,7
1485,8
1504,8
1506,8
1505,8
956,7
1508,8
1507,8
1496,8
981,7
1512,8
1510,8
1509,8
1511,8
1514,8
1513,8
1517,8
1515,8
961,7
1518,8
1519,8
1520,8
1526,8
986,7
989,7
990,7
1522,8
985,7
984,7
987,7
1523,8
1525,8
1528,8
1533,8
1527,8
1531,8
1524,8
1530,8
1532,8
1535,8
1529,8
1534,8
1521,8
1537,8
1540,8
1541,8
1538,8
1468,8
1544,8
1542,8
1545,8
1572,7
991,7
1574,7
1571,7
1573,7
1431,8
1516,8
1486,8
1543,8
1546,8
1539,8
1536,8
1575,7
1825,8
1823,8
1824,8
1832,8
1826,8
1829,8
1828,8
1827,8
1580,7
1579,7
1577,7
1576,7
1578,7
1834,8
1831,8
1830,8
1833,8
1838,8
1840,8
1837,8
1839,8
1836,8
1835,8
1841,8
1843,8
1842,8
988,7
1581,7
1851,8
1853,8
1845,8
1584,7
1846,8
1849,8
1852,8
1844,8
1854,8
1848,8
1857,8
1855,8
1856,8
1847,8
1585,7
1586,7
1860,8
1582,7
1859,8
1861,8
1862,8
1858,8
1850,8
1863,8
1869,8
1864,8
1866,8
1865,8
1867,8
1868,8
1870,8
1871,8
1872,8
1587,7
1876,8
1590,7
1877,8
1874,8
1880,8
1875,8
1878,8
1588,7
1879,8
992,7
1592,7
1591,7
994,7
1881,8
1885,8
1888,8
1887,8
1883,8
1594,7
1593,7
996,7
1894,8
1895,8
1595,7
1893,8
1897,8
1896,8
1889,8
1890,8
1882,8
997,7
1899,8
1596,7
1600,7
1601,7
1598,7
1597,7
1599,7
1902,8
1547,7
1901,8
1606,7
1608,7
1911,8
1909,8
1921,8
1602,7
1000,7
1929,8
1928,8
1946,8
1633,7
1963,8
1635,7
1632,7
2191,8
2190,8
1900,8
1898,8
1905,8
1906,8
1903,8
1904,8
1605,7
1913,8
1917,8
1908,8
1910,8
1918,8
1914,8
1916,8
1915,8
1907,8
1919,8
1912,8
1922,8
999,7
1613,7
1607,7
1610,7
1609,7
1614,7
1603,7
1920,8
1926,8
1611,7
1604,7
995,7
1927,8
1616,7
1923,8
1930,8
1618,7
1620,7
1612,7
1943,8
1938,8
1924,8
1617,7
1621,7
1936,8
1624,7
1939,8
1937,8
1940,8
1941,8
1944,8
1942,8
1945,8
1947,8
1953,8
1625,7
1950,8
1955,8
1949,8
1954,8
1960,8
1959,8
1948,8
1952,8
1951,8
1958,8
1956,8
1957,8
1629,7
1550,7
1935,8
1630,7
1964,8
1961,8
1962,8
1967,8
1968,8
1636,7
1634,7
1638,7
1639,7
1640,7
1628,7
1641,7
1646,7
1644,7
1642,7
1615,7
1649,7
1648,7
1643,7
1970,8
1971,8
1975,8
1972,8
1969,8
1973,8
1978,8
1974,8
1977,8
1976,8
1647,7
1650,7
1653,7
1658,7
1655,7
1631,7
1637,7
1980,8
1657,7
1626,7
1656,7
1660,7
1979,8
1651,7
1984,8
1982,8
1988,8
1985,8
1981,8
1986,8
1987,8
1983,8
1654,7
1673,7
1990,8
1669,7
1671,7
1679,7
1675,7
1677,7
1661,7
1992,8
1664,7
1991,8
1645,7
1993,8
1549,7
1995,8
1685,7
1683,7
1684,7
1681,7
1670,7
1672,7
1678,7
1659,7
1674,7
1689,7
1690,7
1693,7
1695,7
1691,7
2000,8
2001,8
1667,7
1994,8
1666,7
1652,7
1996,8
1999,8
1700,7
1694,7
1686,7
1682,7
1701,7
1688,7
1692,7
1989,8
1662,7
1680,7
1699,7
1997,8
2004,8
2011,8
1998,8
2006,8
2007,8
2009,8
1704,7
1663,7
2005,8
2003,8
2008,8
2010,8
1696,7
1698,7
1709,7
1705,7
1703,7
1706,7
1708,7
1707,7
1697,7
2013,8
2014,8
2015,8
2012,8
2018,8
2016,8
1711,7
2017,8
1713,7
1726,7
2020,8
2019,8
1714,7
1716,7
1722,7
1723,7
1715,7
1729,7
1730,7
1721,7
2024,8
2023,8
2028,8
1717,7
1712,7
2027,8
1733,7
1718,7
1736,7
1728,7
1735,7
1734,7
1724,7
1719,7
1732,7
1720,7
1738,7
1740,7
1725,7
1739,7
1731,7
1710,7
2032,8
1742,7
2029,8
1741,7
1727,7
2035,8
1746,7
2033,8
2031,8
1751,7
2025,8
1745,7
1743,7
2038,8
1747,7
2037,8
1757,7
1750,7
1755,7
1759,7
2099,8
2101,8
2108,8
2115,8
2114,8
1779,7
1778,7
2097,8
2124,8
2225,8
2344,7
2340,7
2345,7
2436,7
2434,7
2435,7
2576,4
2438,7
2026,8
2022,8
2021,8
2040,8
2036,8
1749,7
2043,8
2041,8
2042,8
2044,8
1744,7
1753,7
1737,7
1752,7
1760,7
1748,7
1758,7
2048,8
2045,8
2047,8
2046,8
1754,7
1756,7
2055,8
2056,8
2050,8
2058,8
1767,7
2030,8
2049,8
2054,8
1763,7
2051,8
1776,7
1775,7
1774,7
1769,7
1777,7
1768,7
1771,7
1773,7
1772,7
1764,7
1770,7
2053,8
1766,7
2052,8
2061,8
2059,8
2063,8
2066,8
2057,8
2071,8
2069,8
2065,8
2067,8
2068,8
1761,7
2062,8
1762,7
2060,8
1788,7
2070,8
2034,8
2072,8
2073,8
2039,8
1787,7
1782,7
1783,7
1789,7
1785,7
1784,7
1780,7
2076,8
1786,7
1781,7
1792,7
1886,8
2079,8
2074,8
1794,7
2084,8
2086,8
2075,8
2085,8
2078,8
1790,7
2080,8
2081,8
2087,8
2088,8
2083,8
2082,8
2090,8
1798,7
1795,7
1793,7
2064,8
2096,8
1800,7
1802,7
1797,7
2095,8
2100,8
2098,8
2091,8
2093,8
2113,8
2111,8
1803,7
2103,8
2094,8
2116,8
2102,8
2118,8
2104,8
2089,8
2120,8
2121,8
2122,8
2117,8
2109,8
2105,8
2119,8
1765,7
2110,8
2107,8
2112,8
1796,7
2123,8
2125,8
1801,7
2128,8
2127,8
2126,8
1791,7
1799,7
1805,7
1807,7
2130,8
2129,8
2139,8
2135,8
2136,8
1808,7
2133,8
2132,8
1806,7
2141,8
2137,8
2092,8
1810,7
2106,8
1812,7
2144,8
2148,8
2149,8
2151,8
2131,8
2143,8
2150,8
2145,8
1804,7
1809,7
2153,8
2140,8
2146,8
2154,8
1548,7
2156,8
2147,8
2155,8
2158,8
2157,8
1813,7
1814,7
1556,7
1551,7
1554,7
1557,7
2160,8
2152,8
2162,8
2159,8
1560,7
1552,7
1559,7
1558,7
2165,8
1816,7
1815,7
2167,8
1561,7
2170,8
2172,8
2171,8
1563,7
2169,8
2164,8
2166,8
1820,7
1562,7
1568,7
1566,7
1818,7
1555,7
1811,7
1817,7
2174,8
2176,8
1819,7
2173,8
1821,7
1822,7
2138,8
2175,8
2177,8
1567,7
2168,8
2179,8
2161,8
1569,7
1570,7
2184,8
2182,8
2187,8
2186,8
2189,8
2163,8
2188,8
2180,8
2178,8
2194,8
2195,8
2283,7
2200,8
2197,8
2198,8
2270,7
2203,8
2181,8
2284,7
2196,8
2183,8
2204,8
2205,8
2206,8
2207,8
2192,8
2185,8
2272,7
2271,7
2210,8
2214,8
2209,8
2286,7
2218,8
2215,8
2213,8
2216,8
2217,8
2212,8
2219,8
2221,8
2223,8
2222,8
2211,8
2224,8
2227,8
2228,8
2229,8
2290,7
2231,8
2226,8
2288,7
2220,8
2234,8
2232,8
2240,8
2236,8
2239,8
2230,8
2242,8
2233,8
2237,8
2238,8
2296,7
2289,7
2294,7
2285,7
2298,7
2297,7
2300,7
2287,7
2299,7
2303,7
2302,7
2293,7
2301,7
2292,7
2305,7
2306,7
2245,8
2243,8
2304,7
2309,7
2310,7
2308,7
2307,7
2274,7
2311,7
2312,7
2251,8
2235,8
2314,7
2313,7
2244,8
2255,8
2249,8
2246,8
2252,8
2248,8
2254,8
2569,4
2566,4
2859,7
2846,7
2858,7
2881,7
2876,7
2867,7
2922,7
2960,5
2924,7
2963,5
2823,4
2961,5
3082,6
3448,6
3452,6
3201,6
3186,6
3461,6
3233,6
3469,6
3226,6
3234,6
3229,6
2322,7
2316,7
2323,7
2324,7
2319,7
2321,7
2320,7
2325,7
2250,8
2318,7
2247,8
2253,8
2326,7
2327,7
2276,7
2275,7
2331,7
2256,8
2328,7
2291,7
2260,8
2257,8
2258,8
2259,8
2332,7
2315,7
2333,7
2334,7
2335,7
2329,7
2317,7
2336,7
2264,8
2263,8
2077,8
2273,7
2266,8
2262,8
2241,8
2295,7
2330,7
2337,7
2390,7
2338,7
2339,7
2268,8
2267,8
2261,8
2269,8
2265,8
2342,7
2343,7
2347,7
2346,7
2348,7
2350,7
2391,7
2354,7
2351,7
2278,7
2392,7
2352,7
2360,7
2356,7
2359,7
2363,7
2361,7
2362,7
2364,7
2349,7
2366,7
2358,7
2355,7
2394,7
2367,7
2369,7
2341,7
2563,4
2370,7
2372,7
2373,7
2375,7
2561,4
2393,7
2377,7
2381,7
2382,7
2374,7
2380,7
2376,7
2365,7
2396,7
2277,7
2279,7
2383,7
2368,7
2357,7
2379,7
2387,7
2385,7
2378,7
2389,7
2386,7
2353,7
2388,7
2384,7
2371,7
2398,7
2401,7
2400,7
2399,7
2405,7
2406,7
2403,7
2395,7
2397,7
2402,7
2411,7
2410,7
2404,7
2562,4
2567,4
2564,4
2568,4
2407,7
2409,7
2413,7
2630,5
2408,7
2416,7
2412,7
2414,7
2418,7
2427,7
2426,7
2423,7
2424,7
2425,7
2428,7
2421,7
2417,7
2420,7
2415,7
2419,7
2429,7
2572,4
2575,4
2574,4
2680,7
2571,4
2430,7
2433,7
2440,7
2437,7
2439,7
2580,4
2441,7
2444,7
2443,7
2431,7
2442,7
2422,7
2578,4
2445,7
2446,7
2432,7
2582,4
2447,7
2450,7
2448,7
2449,7
2581,4
2451,7
2583,4
2584,4
2453,7
2579,4
2588,4
2586,4
2454,7
2455,7
2281,7
2589,4
2577,4
2682,7
2681,7
2456,7
2590,4
2565,4
2592,4
2452,7
2570,4
2585,4
2596,4
2591,4
2593,4
2573,4
2595,4
2597,4
2683,7
2600,4
2594,4
2685,7
2457,7
2587,4
2601,4
2599,4
2598,4
2461,7
2462,7
2606,4
2698,4
2607,4
2459,7
2613,4
2609,4
2608,4
2611,4
2614,4
2464,7
2615,4
2612,4
2605,4
2603,4
2602,4
2604,4
2610,4
2616,4
2632,5
2633,5
2280,7
2686,7
2700,4
2282,7
2716,4
2684,7
2689,7
2631,5
2617,4
2466,7
2717,4
2687,7
2688,7
2463,7
2690,7
2718,4
2465,7
2467,7
2701,4
2635,5
2620,4
2458,7
2699,4
2705,4
2702,4
2704,4
2691,7
2468,7
2703,4
2621,4
2623,4
2622,4
2625,4
2720,4
2471,7
2619,4
2469,7
2460,7
2624,4
2693,7
2473,7
2470,7
2719,4
2618,4
2628,4
2629,4
2626,4
2627,4
2724,4
2722,4
2721,4
2474,7
2731,4
2482,7
2488,7
2855,7
2856,7
2853,7
2801,4
2802,4
2854,7
3150,6
4130,5
3202,6
3199,6
3204,6
3568,6
3571,6
3943,5
3575,6
3297,6
3558,6
3539,6
3562,6
3611,6
3616,6
3619,6
3605,6
3615,6
3613,6
3612,6
3609,6
3598,6
2472,7
2637,5
2726,4
2636,5
2725,4
2638,5
2723,4
2727,4
2634,5
2475,7
2476,7
2729,4
2477,7
2478,7
2480,7
2481,7
2708,4
2479,7
2728,4
2485,7
2484,7
2695,7
2491,7
2490,7
2489,7
2486,7
2493,7
2492,7
2487,7
2483,7
2730,4
2737,4
2736,4
2692,7
2828,7
2738,4
2643,5
2739,4
2495,7
2734,4
2732,4
2741,4
2743,4
2706,4
2641,5
2742,4
2740,4
2494,7
2497,7
2500,7
2501,7
2499,7
2502,7
2504,7
2498,7
2505,7
2508,7
2744,4
2745,4
2506,7
2503,7
2507,7
2645,5
2829,7
2746,4
2748,4
2747,4
2733,4
2753,4
2750,4
2751,4
2639,5
2518,7
2512,7
2516,7
2511,7
2517,7
2509,7
2510,7
2513,7
2514,7
2752,4
2515,7
2754,4
2521,7
2760,4
2757,4
2758,4
2519,7
2696,7
2694,7
2697,7
2528,7
2529,7
2532,7
2496,7
2526,7
2527,7
2523,7
2520,7
2524,7
2522,7
2525,7
2530,7
2534,7
2535,7
2533,7
2536,7
2707,4
2761,4
2755,4
2735,4
2756,4
2539,7
2538,7
2540,7
2537,7
2642,5
2541,7
2544,7
2543,7
2542,7
2767,4
2546,7
2762,4
2765,4
2763,4
2764,4
2759,4
2749,4
2768,4
2769,4
2766,4
2545,7
2711,4
2549,7
2550,7
2553,7
2646,5
2830,7
2548,7
2547,7
2556,7
2710,4
2771,4
2554,7
2770,4
2555,7
2558,7
2557,7
2559,7
2560,7
2551,7
2644,5
2552,7
2531,7
2772,4
2831,7
2775,4
2779,4
2773,4
2774,4
2953,5
2954,5
2640,5
2781,4
2777,4
2776,4
2782,4
2833,7
2785,4
2784,4
2836,7
2835,7
2786,4
2951,5
2648,5
2649,5
2834,7
2837,7
2843,7
2841,7
2839,7
2789,4
2832,7
2838,7
2844,7
2790,4
2792,4
2796,4
2791,4
2840,7
2783,4
2778,4
2787,4
2788,4
2794,4
2793,4
2780,4
2798,4
2795,4
3000,4
2998,4
2999,4
2997,4
2945,7
2948,7
2949,7
3005,4
2950,7
3010,4
3438,6
3440,6
3182,6
3178,6
3184,6
2849,7
2799,4
2709,4
2647,5
2848,7
2851,7
2847,7
2850,7
2852,7
2800,4
2845,7
2857,7
2712,4
2860,7
2804,4
2868,7
2864,7
2807,4
2861,7
2808,4
2809,4
2866,7
2863,7
2650,5
2656,5
2651,5
2862,7
2806,4
2797,4
2652,5
2871,7
2810,4
2803,4
2655,5
2812,4
2811,4
2875,7
2873,7
2865,7
2653,5
2842,7
2955,5
2815,4
2872,7
2813,4
2884,7
2880,7
2658,5
2659,5
2654,5
2877,7
2952,5
2882,7
2956,5
2874,7
2869,7
2886,7
2885,7
2883,7
2958,5
2870,7
2818,4
2891,7
2661,5
2878,7
2957,5
2897,7
2900,7
2892,7
2901,7
2899,7
2896,7
2889,7
2893,7
2887,7
2895,7
2879,7
2902,7
2898,7
2894,7
2903,7
2888,7
2662,5
2959,5
2905,7
2906,7
2904,7
2908,7
2665,5
2660,5
2664,5
2663,5
2667,5
2666,5
2819,4
2817,4
2909,7
2668,5
2907,7
2910,7
2915,7
2914,7
2911,7
2913,7
2657,5
2916,7
2912,7
2921,7
2918,7
2917,7
2919,7
2923,7
2965,5
2964,5
2929,7
2925,7
2928,7
2670,5
2827,4
2814,4
2820,4
2821,4
2822,4
2824,4
2826,4
2805,4
2825,4
2816,4
2669,5
2890,7
2979,4
2969,5
2966,5
2926,7
2931,7
2962,5
2930,7
2927,7
2932,7
2935,7
2934,7
2983,4
2980,4
2982,4
2981,4
2671,5
2937,7
2970,5
2940,7
2939,7
2938,7
2933,7
2936,7
2675,5
2673,5
2672,5
2971,5
2967,5
2920,7
2941,7
2944,7
2942,7
2990,4
2988,4
2989,4
2986,4
2987,4
2985,4
2676,5
2973,5
2992,4
2984,4
2996,4
2995,4
3001,4
2994,4
2993,4
3002,4
2968,5
2976,5
3004,4
3003,4
2713,4
2714,4
2715,4
2674,5
3006,4
2679,5
2678,5
3009,4
2677,5
2972,5
2974,5
2978,5
2977,5
2943,7
2975,5
2946,7
2947,7
3007,4
3051,6
3011,4
3016,4
3012,4
3013,4
3015,4
2991,4
3018,4
3017,4
3433,6
3021,4
3020,4
3052,6
3053,6
3897,5
3434,6
3025,4
3024,4
3022,4
3435,6
3055,6
3437,6
3436,6
3023,4
3026,4
3027,4
3028,4
3014,4
3439,6
3054,6
3056,6
3057,6
3441,6
4131,5
3061,6
3059,6
3060,6
3901,5
3062,6
3063,6
3443,6
3064,6
3898,5
3444,6
3442,6
3030,4
3032,4
3031,4
3065,6
3066,6
3896,5
3899,5
3019,4
3903,5
3902,5
3069,6
3068,6
3067,6
3904,5
3035,4
3070,6
3073,6
3075,6
3074,6
3072,6
3071,6
3037,4
3445,6
3034,4
3080,6
3078,6
3036,4
3058,6
3029,4
3033,4
3077,6
3446,6
3076,6
3083,6
3039,4
3090,6
3081,6
3084,6
3447,6
3093,6
3091,6
3086,6
3085,6
3096,6
3105,6
3103,6
3102,6
3100,6
3097,6
3098,6
3099,6
3101,6
3089,6
3092,6
3107,6
3108,6
3109,6
3113,6
3112,6
3087,6
3104,6
3111,6
3110,6
3094,6
3114,6
3095,6
3106,6
3115,6
3116,6
3117,6
3118,6
3119,6
3038,4
3122,6
3124,6
3120,6
3123,6
3126,6
3125,6
3121,6
3134,6
3136,6
3135,6
3128,6
3129,6
3127,6
3132,6
3130,6
3133,6
3131,6
3041,4
3144,6
3138,6
3140,6
3139,6
3141,6
3142,6
3143,6
3079,6
3137,6
3045,4
3145,6
3449,6
3088,6
3149,6
3155,6
3146,6
3147,6
3148,6
3152,6
3153,6
3151,6
3154,6
3156,6
3900,5
3450,6
3047,4
3157,6
3048,4
3166,6
3165,6
3158,6
3161,6
3162,6
3167,6
3160,6
3164,6
3170,6
3159,6
3168,6
3453,6
3163,6
3040,4
3906,5
3044,4
3907,5
3042,4
3169,6
3172,6
3171,6
3173,6
3175,6
3179,6
3176,6
3177,6
3181,6
3174,6
3180,6
3908,5
4245,4
3192,6
3190,6
3191,6
3194,6
3187,6
3189,6
3188,6
3193,6
3183,6
3457,6
3456,6
3049,4
3458,6
3909,5
3455,6
3185,6
3198,6
3200,6
3195,6
3208,6
3207,6
3203,6
3197,6
3205,6
3209,6
3196,6
3910,5
3050,4
3046,4
3905,5
3451,6
3211,6
3459,6
3206,6
3210,6
3043,4
3008,4
3213,6
3217,6
3219,6
3462,6
3463,6
3464,6
3466,6
3454,6
4132,5
3215,6
3460,6
3220,6
3230,6
3212,6
3214,6
3470,6
3467,6
3216,6
3915,5
3223,6
3471,6
3235,6
3232,6
4134,5
3218,6
3472,6
3236,6
3225,6
3465,6
3916,5
4246,4
3224,6
3921,5
3912,5
3227,6
3253,6
3266,6
3939,5
3942,5
3279,6
3513,6
3596,6
3602,6
3588,6
3585,6
3967,5
3624,6
4259,4
3693,6
3702,6
3714,6
3719,6
3707,6
3711,6
3710,6
3717,6
3709,6
3716,6
3713,6
3238,6
3239,6
3911,5
3221,6
3231,6
3237,6
3228,6
3242,6
3240,6
3244,6
3248,6
3250,6
3473,6
3468,6
3245,6
3246,6
3249,6
3914,5
3222,6
3920,5
3243,6
3922,5
3474,6
3478,6
3479,6
3484,6
3251,6
3918,5
3476,6
3919,5
3477,6
3475,6
3483,6
3482,6
3486,6
3924,5
3263,6
3265,6
3267,6
3261,6
3260,6
3259,6
3258,6
3254,6
3241,6
3257,6
3264,6
3480,6
3255,6
3262,6
3256,6
3247,6
3252,6
3926,5
3925,5
3487,6
3917,5
3268,6
3269,6
3272,6
3481,6
3928,5
4247,4
3489,6
3496,6
3490,6
3491,6
3913,5
3923,5
3502,6
3273,6
3494,6
3275,6
3271,6
3270,6
3488,6
3276,6
3274,6
3497,6
3933,5
3492,6
3935,5
4248,4
3937,5
3931,5
3934,5
3938,5
3284,6
3282,6
3506,6
3280,6
3511,6
3936,5
3493,6
3509,6
3510,6
3283,6
3281,6
3285,6
3286,6
3514,6
3277,6
3498,6
3940,5
3495,6
3503,6
3522,6
3520,6
3530,6
3525,6
3932,5
3519,6
3485,6
3610,6
3608,6
3311,6
4252,4
3651,6
3664,6
3667,6
3666,6
3652,6
3669,6
3656,6
3653,6
3955,5
3649,6
3337,6
3678,6
3701,6
4039,5
4040,5
3782,6
3776,6
3775,6
3368,6
3780,6
3383,6
4276,4
3791,6
4064,5
3500,6
3501,6
3499,6
3512,6
3507,6
3930,5
3505,6
3278,6
3927,5
3508,6
3516,6
3287,6
3515,6
3929,5
3288,6
3289,6
3521,6
3504,6
3524,6
3517,6
3523,6
3533,6
3535,6
3518,6
3529,6
3528,6
3295,6
3291,6
3527,6
3541,6
3526,6
3296,6
3543,6
3534,6
3298,6
3536,6
3292,6
3552,6
3293,6
3551,6
3538,6
3544,6
3547,6
3294,6
3290,6
3554,6
3548,6
3531,6
3561,6
3560,6
3556,6
3549,6
3300,6
3532,6
3545,6
3301,6
3559,6
3550,6
3537,6
4249,4
3564,6
3565,6
3563,6
3540,6
3566,6
3570,6
3574,6
3948,5
3947,5
4250,4
3542,6
3567,6
3578,6
3573,6
3572,6
3569,6
3580,6
3579,6
3576,6
3553,6
3577,6
3584,6
3587,6
3589,6
3586,6
3593,6
3941,5
3597,6
3595,6
3306,6
3590,6
3600,6
3591,6
3583,6
3557,6
3305,6
3304,6
3303,6
3946,5
3949,5
3592,6
3582,6
3594,6
3601,6
3546,6
3944,5
3606,6
3603,6
3604,6
3599,6
3308,6
3614,6
3625,6
3626,6
3628,6
3951,5
3317,6
3309,6
3307,6
3299,6
3314,6
3607,6
3581,6
3633,6
3632,6
3315,6
3316,6
3313,6
3312,6
3629,6
3620,6
3638,6
3621,6
3637,6
3627,6
3636,6
3630,6
3640,6
3634,6
3631,6
3639,6
3635,6
3310,6
3302,6
3318,6
3322,6
3321,6
3954,5
3953,5
3952,5
3950,5
3645,6
3958,5
3647,6
3319,6
3555,6
3326,6
3325,6
3623,6
3324,6
3320,6
3323,6
3617,6
3328,6
3329,6
3945,5
3327,6
3330,6
3641,6
3957,5
3618,6
3956,5
3644,6
3646,6
3622,6
3648,6
3960,5
4254,4
3662,6
3671,6
3642,6
3663,6
3655,6
3658,6
3659,6
3331,6
3668,6
3665,6
3650,6
3660,6
3332,6
3657,6
3672,6
3661,6
3675,6
3334,6
3336,6
3654,6
3342,6
3969,5
3965,5
4260,4
4261,4
4255,4
3968,5
4258,4
4256,4
3966,5
3343,6
3338,6
3694,6
3335,6
3345,6
3340,6
3347,6
3341,6
3344,6
3346,6
3339,6
3679,6
3963,5
3973,5
3677,6
3698,6
3681,6
3696,6
3692,6
3688,6
3684,6
3685,6
3687,6
3683,6
3686,6
3689,6
3680,6
3691,6
3674,6
3959,5
3961,5
3349,6
3673,6
3348,6
3697,6
3682,6
3676,6
3971,5
3972,5
3970,5
3643,6
3976,5
3690,6
3353,6
4251,4
3352,6
3351,6
3350,6
3977,5
3695,6
3705,6
3978,5
3670,6
3979,5
3962,5
4262,4
4253,4
4263,4
4265,4
3982,5
3980,5
3984,5
3355,6
3981,5
3987,5
3706,6
3983,5
4108,5
3887,6
4447,6
4335,4
4333,4
4456,6
4451,6
4120,5
4165,5
4163,5
4104,5
4160,5
4461,6
4588,5
4540,6
4591,5
4585,5
4378,4
4612,5
3715,6
3722,6
3704,6
3700,6
3721,6
3974,5
3718,6
3985,5
3720,6
3356,6
3699,6
3994,5
3993,5
3726,6
3730,6
3357,6
3358,6
3728,6
3999,5
3359,6
3975,5
3354,6
3361,6
3360,6
3997,5
3996,5
3998,5
3989,5
3363,6
4264,4
3729,6
3731,6
3727,6
3364,6
3712,6
3732,6
4000,5
3367,6
3725,6
4005,5
3736,6
3990,5
3362,6
3737,6
3992,5
3733,6
4004,5
3734,6
3370,6
3373,6
3372,6
3366,6
3365,6
3371,6
3724,6
3703,6
3739,6
4010,5
3750,6
4001,5
4266,4
4009,5
3988,5
3751,6
3753,6
4007,5
3369,6
3740,6
4008,5
3738,6
3746,6
3735,6
3708,6
3748,6
3741,6
3723,6
3991,5
3745,6
4012,5
3765,6
4003,5
3995,5
3398,6
4080,5
3843,6
4480,6
4144,5
4149,5
4147,5
4366,4
4364,4
4362,4
4126,5
4583,5
4590,9
4370,4
4635,5
4002,5
4270,4
4271,4
4268,4
4267,4
3744,6
3755,6
3742,6
4269,4
3374,6
3333,6
4257,4
3747,6
4014,5
3964,5
3759,6
3752,6
3743,6
3757,6
3766,6
4016,5
3758,6
3761,6
3760,6
3762,6
3763,6
3749,6
3986,5
3754,6
4006,5
3764,6
4021,5
4013,5
3756,6
3768,6
3767,6
4027,5
4029,5
4028,5
4020,5
3770,6
4018,5
4033,5
4034,5
4035,5
4024,5
4017,5
4015,5
4011,5
4036,5
4032,5
3375,6
4038,5
4023,5
3777,6
4037,5
4272,4
3774,6
3376,6
3773,6
3378,6
3772,6
4274,4
4275,4
4273,4
3779,6
3783,6
4022,5
3785,6
3381,6
4042,5
3386,6
3784,6
3769,6
3778,6
4049,5
4047,5
4044,5
4046,5
4019,5
3781,6
3387,6
4026,5
4031,5
4025,5
4043,5
3388,6
4053,5
4054,5
4050,5
4058,5
4056,5
4057,5
4048,5
4052,5
4041,5
3385,6
3382,6
3379,6
3384,6
4030,5
3377,6
3380,6
3802,6
3787,6
3391,6
3793,6
3389,6
3789,6
3798,6
3794,6
3801,6
3799,6
3797,6
3790,6
3786,6
3795,6
4060,5
3771,6
3788,6
4062,5
4063,5
3390,6
3796,6
3792,6
3393,6
3807,6
3800,6
3395,6
3392,6
3813,6
3803,6
3804,6
3806,6
4066,5
4067,5
3827,6
3811,6
3812,6
4065,5
3818,6
3825,6
3816,6
3826,6
3822,6
3819,6
3820,6
4061,5
3823,6
4282,4
3394,6
3400,6
3399,6
4055,5
3808,6
4133,5
4280,4
4281,4
4283,4
4279,4
4284,4
3396,6
4070,5
3397,6
3830,6
3824,6
3832,6
3833,6
4285,4
4135,5
3815,6
3810,6
4051,5
3828,6
3831,6
4286,4
3401,6
3809,6
4073,5
4075,5
4071,5
3805,6
3814,6
3817,6
3821,6
4069,5
4289,4
4287,4
4068,5
4059,5
4045,5
3836,6
3837,6
3840,6
3402,6
3839,6
4079,5
3845,6
3404,6
3403,6
3835,6
4278,4
4277,4
4076,5
3405,6
3834,6
3841,6
3847,6
4296,4
4082,5
4295,4
3842,6
4290,4
4294,4
3829,6
4291,4
3406,6
3838,6
3846,6
3844,6
3851,6
4081,5
4074,5
4084,5
4292,4
4293,4
4083,5
4298,4
3852,6
4088,5
3408,6
3409,6
3850,6
4078,5
3857,6
3407,6
3856,6
4087,5
4089,5
4077,5
3410,6
3848,6
3858,6
3854,6
4299,4
4085,5
3859,6
3864,6
4086,5
3861,6
4072,5
3411,6
4297,4
3865,6
3853,6
4301,4
4094,5
4303,4
4305,4
4302,4
4096,5
3867,6
3862,6
4304,4
4090,5
3868,6
4306,4
3863,6
3849,6
4308,4
4309,4
4307,4
4101,5
4312,4
4310,4
3860,6
3415,6
3417,6
3412,6
3855,6
4313,4
4315,4
4314,4
3871,6
3875,6
3874,6
4300,4
4103,5
4311,4
4100,5
3414,6
3413,6
4098,5
3881,6
3882,6
4091,5
3873,6
4095,5
4136,5
4318,4
4319,4
4317,4
3878,6
3876,6
4320,4
3879,6
4321,4
3869,6
4137,5
4093,5
3421,6
3416,6
4106,5
3418,6
3420,6
3423,6
3880,6
3419,6
4092,5
4102,5
4105,5
4322,4
3422,6
3883,6
4107,5
4316,4
4109,5
3424,6
3884,6
4097,5
4110,5
4324,4
4323,4
3877,6
4326,4
3425,6
3428,6
3866,6
3870,6
3872,6
3889,6
3892,6
3891,6
3888,6
3885,6
3890,6
3886,6
4325,4
3895,6
4478,6
4477,6
4474,6
4469,6
4507,6
4170,5
4171,5
4222,5
4150,5
4237,5
4623,5
4617,5
4641,5
4754,5
3894,6
4112,5
3893,6
3427,6
4099,5
4328,4
3432,6
3431,6
3426,6
3430,6
3429,6
4111,5
4139,5
4438,6
4444,6
4441,6
4114,5
4445,6
4138,5
4439,6
4440,6
4329,4
4327,4
4450,6
4332,4
4448,6
4443,6
4331,4
4442,6
4453,6
4449,6
4446,6
4458,6
4457,6
4437,6
4454,6
4330,4
4452,6
4464,6
4142,5
4467,6
4455,6
4468,6
4459,6
4466,6
4463,6
4143,5
4336,4
4334,4
4338,4
4115,5
4473,6
4462,6
4471,6
4340,4
4465,6
4472,6
4482,6
4481,6
4154,5
4118,5
4460,6
4470,6
4116,5
4475,6
4479,6
4341,4
4158,5
4148,5
4156,5
4155,5
4157,5
4113,5
4487,6
4486,6
4489,6
4476,6
4490,6
4484,6
4119,5
4152,5
4494,6
4495,6
4492,6
4498,6
4153,5
4121,5
4124,5
4125,5
4123,5
4122,5
4146,5
4500,6
4499,6
4488,6
4117,5
4141,5
4162,5
4164,5
4343,4
4151,5
4342,4
4491,6
4345,4
4485,6
4161,5
4502,6
4497,6
4504,6
4140,5
4168,5
4501,6
4503,6
4339,4
4483,6
4167,5
4166,5
4506,6
4159,5
4169,5
4510,6
4505,6
4172,5
4508,6
4173,5
4346,4
4496,6
4512,6
4513,6
4514,6
4509,6
4177,5
4145,5
4511,6
4347,4
4348,4
4174,5
4181,5
4186,5
4515,6
4518,6
4520,6
4180,5
4187,5
4191,5
4182,5
4183,5
4189,5
4190,5
4184,5
4178,5
4179,5
4193,5
4194,5
4344,4
4351,4
4526,6
4527,6
4525,6
4196,5
4493,6
4197,5
4198,5
4195,5
4530,6
4352,4
4354,4
4350,4
4200,5
4203,5
4205,5
4206,5
4204,5
4199,5
4356,4
4516,6
4517,6
4358,4
4523,6
4521,6
4535,6
4208,5
4209,5
4212,5
4175,5
4216,5
4185,5
4529,6
4210,5
4217,5
4220,5
4215,5
4522,6
4519,6
4214,5
4528,6
4536,6
4225,5
4224,5
4532,6
4207,5
4223,5
4201,5
4534,6
4227,5
4537,6
4538,6
4353,4
4219,5
4213,5
4531,6
4202,5
4230,5
4221,5
4229,5
4233,5
4218,5
4228,5
4355,4
4176,5
4240,5
4226,5
4243,5
4242,5
4234,5
4238,5
4211,5
4127,5
4192,5
4241,5
4231,5
4236,5
4129,5
4188,5
4235,9
4244,5
4239,5
4524,6
4232,9
4288,4
4582,5
4581,5
4361,4
4365,4
4363,4
4584,5
4367,4
4349,4
4360,4
4357,4
4359,4
4533,6
4368,4
4369,4
4543,6
4128,5
4589,9
4541,6
4544,6
4597,5
4596,5
4593,5
4337,4
4552,6
4595,5
4545,6
4539,6
4551,6
4549,6
4594,9
4550,6
4547,6
5158,5
4598,5
4601,5
4374,4
4373,4
4372,4
4546,6
4600,5
4604,5
4599,5
4607,9
4605,5
4371,4
5157,5
4556,6
4592,9
4542,6
4558,6
4587,5
4376,4
4548,6
4555,6
4557,6
4613,5
4610,9
4553,6
4375,4
4554,6
4618,5
4614,5
4621,9
4560,6
4608,5
4377,4
4622,5
4611,9
4586,5
4380,4
4561,6
4379,4
4624,5
4565,6
4382,4
4385,4
4383,4
4386,4
4381,4
4388,4
4562,6
4630,5
4390,4
4391,4
4564,6
4629,5
4625,5
4626,5
4389,4
4628,5
4606,5
4615,5
4387,4
4616,5
4637,5
4603,5
4631,5
4644,5
4642,5
4638,5
4639,5
4640,5
4634,5
4619,5
4566,6
4573,6
5159,5
4649,5
4647,5
4393,4
4567,6
4650,5
4654,5
4648,5
4575,6
4904,5
4911,5
4910,5
4970,5
5177,5
4976,5
4686,5
4726,5
4723,5
4981,5
4993,5
5004,5
5003,5
4979,5
4967,5
5000,5
4990,5
5002,5
5012,5
5010,5
5005,5
5001,5
4992,5
5007,5
5013,5
5024,5
5028,5
5033,5
5040,5
5045,5
5041,5
5116,5
4432,4
5462,5
5455,5
4651,5
4661,5
4653,5
4658,5
4633,5
4659,5
4662,5
4574,6
4569,6
4563,6
4559,6
4643,5
4570,6
4646,5
4572,6
4571,6
4664,5
4632,9
4666,5
4674,5
4678,5
4669,5
4671,5
4656,5
4667,5
4620,9
4655,5
4670,5
4663,5
4668,5
4676,5
4652,5
4672,5
4665,5
4673,5
4675,5
4677,5
4657,5
4636,5
4645,5
4660,5
4609,5
4627,5
4384,4
4394,4
4680,5
4682,5
5293,6
4679,5
4683,5
4681,5
4688,5
4685,5
4700,5
4687,5
4690,5
4693,5
4691,5
4689,5
5317,6
4758,5
4763,5
4777,5
4771,5
4783,5
4781,5
4833,5
4831,5
4832,5
4880,5
4882,5
4884,5
4883,5
4881,5
4849,5
4870,5
5167,5
4887,5
4905,5
4906,5
4901,5
4842,5
4949,5
4962,5
5069,5
5112,5
5107,5
5109,5
5114,5
4695,5
4702,5
4696,5
4701,5
4697,5
4684,5
4694,5
4707,5
4576,6
4699,5
5294,6
4703,5
4708,5
4577,6
5296,6
5292,6
4711,5
5295,6
4714,5
4692,5
4718,5
4710,5
4717,5
4705,5
4716,5
4715,5
4719,5
5298,6
4724,5
4712,5
5297,6
4398,4
4721,5
4704,5
4725,5
4713,5
4722,5
5302,6
5301,6
4568,6
4727,5
4733,5
4732,5
4580,6
4578,6
4579,6
4728,5
4709,5
5303,6
5299,6
4729,5
5305,6
4739,5
4731,5
4730,5
4737,5
5306,6
5300,6
4738,5
4401,4
5307,6
4745,5
4742,5
4720,5
4734,5
4706,5
4752,5
4749,5
4740,5
4743,5
4741,5
4698,5
4750,5
4736,5
4751,5
4756,5
4747,5
5304,6
5315,6
5316,6
5312,6
4755,5
4744,5
4399,4
5309,6
5308,6
4761,5
4762,5
4753,5
4735,5
4748,5
5313,6
4768,5
4773,5
4765,5
4772,5
4760,5
4746,5
4818,5
4902,5
4987,5
5336,6
4996,5
4986,5
4991,5
5687,4
5688,4
5684,4
5689,4
5690,4
5686,4
5670,4
5919,6
5948,5
5691,4
5733,4
5734,4
5289,5
5705,4
5710,4
5976,5
6034,5
6036,5
5760,4
5757,4
6007,5
5314,6
5310,6
5320,6
4780,5
4397,4
5161,5
4769,5
4764,5
4770,5
4759,5
4775,5
4787,5
4766,5
5162,5
5319,6
4779,5
5321,6
4786,5
4602,5
4785,5
4792,5
4791,5
4793,5
4790,5
4767,5
5163,5
5323,6
4776,5
4797,5
4798,5
4799,5
4801,5
4800,5
4395,4
4396,4
4782,5
4392,4
4809,5
4815,5
4805,5
5322,6
4806,5
4813,5
4817,5
4789,5
5311,6
5164,5
5324,6
4402,4
4810,5
4803,5
4822,5
4812,5
4814,5
4816,5
4821,5
4400,4
4830,5
4757,5
4836,5
4834,5
4835,5
4843,5
4846,5
4844,5
4804,5
4845,5
4847,5
4848,5
4825,5
4826,5
5318,6
4850,5
4851,5
4852,5
4853,5
4857,5
4855,5
4854,5
4856,5
4858,5
5170,5
4827,5
4796,5
4824,5
4784,5
4807,5
4839,5
4828,5
4820,5
4841,5
4861,5
4811,5
4819,5
5325,6
5328,6
5331,6
4788,5
4873,5
4864,5
4865,5
4872,5
4874,5
4794,5
4862,5
4863,5
4866,5
4868,5
4867,5
4869,5
4859,5
4808,5
4893,5
4795,5
5335,6
4891,5
4888,5
4897,5
4890,5
4802,5
4829,5
4871,5
4894,5
4876,5
4840,5
4778,5
4875,5
4896,5
4838,5
4892,5
4860,5
4886,5
4900,5
5330,6
4889,5
4903,5
4885,5
4899,5
4907,5
4908,5
5169,5
4823,5
5171,5
5327,6
4909,5
4879,5
4895,5
5173,5
4837,5
4898,5
4915,5
5326,6
4877,5
4878,5
4403,4
4929,5
4920,5
4918,5
4925,5
4921,5
5339,6
4940,5
4923,5
4922,5
4933,5
4931,5
4934,5
4919,5
4945,5
4943,5
4947,5
4939,5
4935,5
4932,5
4924,5
4930,5
4912,5
4926,5
4914,5
4928,5
4948,5
4941,5
4936,5
4927,5
4404,4
4917,5
4944,5
4942,5
5337,6
4946,5
5329,6
4938,5
5165,5
4953,5
4913,5
4405,4
4406,4
4952,5
4955,5
5367,5
4956,5
5332,6
4958,5
4960,5
4957,5
4774,5
4974,5
4959,5
5175,5
5172,5
4973,5
5168,5
5342,6
5340,6
4963,5
5174,5
5341,6
4964,5
5343,6
4961,5
5344,6
4965,5
4408,4
4968,5
4916,5
4950,5
4969,5
4978,5
4984,5
4954,5
4975,5
4977,5
4982,5
4980,5
4937,5
4951,5
4966,5
4971,5
5345,6
5176,5
4988,5
4995,5
4983,5
4407,4
4994,5
4972,5
4999,5
5180,5
4997,5
5006,5
5008,5
4989,5
5333,6
5181,5
5179,5
4985,5
4998,5
5014,5
5017,5
5166,5
5019,5
5020,5
5015,5
5022,5
5023,5
5160,5
5368,5
4410,4
5018,5
5338,6
5349,6
5348,6
4409,4
5009,5
4412,4
5030,5
5334,6
5029,5
5347,6
5016,5
5027,5
5026,5
5032,5
5036,5
4411,4
5178,5
5021,5
5351,6
5052,5
5043,5
5054,5
5049,5
5044,5
5025,5
5037,5
5039,5
5035,5
5042,5
5031,5
5050,5
5058,5
5034,5
5011,5
5059,5
5051,5
5048,5
5350,6
5046,5
4414,4
5047,5
5064,5
5062,5
5067,5
5056,5
5061,5
5065,5
5066,5
5369,5
5057,5
4416,4
4415,4
4418,4
5071,5
5068,5
5070,5
5078,5
5055,5
5082,5
5083,5
5074,5
5080,5
5084,5
5077,5
5075,5
5087,5
5086,5
5053,5
5073,5
5038,5
5060,5
5079,5
5072,5
5081,5
5085,5
5182,5
5063,5
5076,5
4423,4
4421,4
5088,5
4420,4
5370,5
4419,4
5423,5
5092,5
5089,5
5090,5
4422,4
5424,5
5093,5
5354,6
5372,5
5353,6
5352,6
5091,5
5094,5
5356,6
5096,5
5095,5
5426,5
5425,5
5422,5
5183,5
5098,5
5102,5
5104,5
5100,5
5099,5
5184,5
5105,5
5097,5
5101,5
5355,6
5103,5
5357,6
4424,4
5111,5
4426,4
5117,5
5429,5
4428,4
4427,4
5138,5
5139,5
5473,5
5468,5
4430,4
5226,5
5221,5
5892,6
6079,5
6088,5
6132,2
6212,3
6218,3
6168,2
6166,2
6170,2
6216,3
6417,2
6412,2
6413,2
6415,2
6414,2
6416,2
4425,4
5115,5
5110,5
5108,5
5119,5
5118,5
5122,5
5120,5
5123,5
5121,5
5106,5
5428,5
5113,5
5359,6
5435,5
5187,5
5436,5
5191,5
5433,5
5434,5
5432,5
5431,5
5427,5
5124,5
5439,5
5374,5
5189,5
5440,5
5126,5
5438,5
5192,5
5371,5
5125,5
5373,5
5445,5
5127,5
5444,5
5442,5
5448,5
5451,5
5194,5
5358,6
5360,6
5449,5
5443,5
5450,5
5430,5
5188,5
5452,5
5130,5
5128,5
5379,5
5376,5
5447,5
5453,5
5457,5
5375,5
5441,5
5377,5
5458,5
5446,5
4429,4
5464,5
4417,4
5467,5
5190,5
5456,5
5380,5
5382,5
5383,5
5470,5
5461,5
5197,5
5463,5
5465,5
5460,5
5469,5
5471,5
5364,6
5365,6
5384,5
5454,5
5134,5
5385,5
5135,5
5132,5
5131,5
5133,5
5193,5
5466,5
5459,5
5196,5
5474,5
5476,5
5480,5
5477,5
5475,5
5472,5
5378,5
5137,5
5479,5
5478,5
5484,5
5481,5
5482,5
5129,5
5361,6
5485,5
5140,5
5141,5
5483,5
5489,5
5486,5
5490,5
5493,5
5487,5
5195,5
5363,6
5366,6
5362,6
5437,5
5346,6
5488,5
5145,5
5143,5
5144,5
5492,5
5494,5
5491,5
5142,5
5565,4
5499,5
5496,5
5146,5
5497,5
5186,5
5500,5
5381,5
5198,5
5147,5
5386,5
5148,5
5498,5
5873,6
4433,4
5501,5
5502,5
5875,6
5185,5
5503,5
5202,5
5506,5
5204,5
5201,5
5205,5
5136,5
5150,5
5207,5
5200,5
5495,5
5874,6
5510,5
5508,5
5512,5
5511,5
5388,5
5504,5
5387,5
5507,5
5509,5
5151,5
5208,5
5152,5
5203,5
5390,5
5514,5
5389,5
5209,5
5206,5
5199,5
5211,5
5210,5
5517,5
5522,5
5519,5
5876,6
5212,5
5526,5
5527,5
5521,5
5528,5
4435,4
5505,5
5214,5
5532,5
5523,5
5518,5
5516,5
5524,5
5531,5
5533,5
5530,5
5529,5
5213,5
5513,5
5154,5
5149,5
5153,5
5155,5
5156,5
4434,4
4436,4
4431,4
4413,4
5525,5
5534,5
5878,6
5541,5
5217,5
5540,5
5535,5
5542,5
5537,5
5543,5
5536,5
5544,5
5538,5
5539,5
5391,5
5879,6
5548,5
5224,5
5392,5
5550,5
5551,5
5215,5
5218,5
5225,5
5219,5
5220,5
5553,5
5545,5
5549,5
5547,5
5558,5
5552,5
5555,5
5546,5
5881,6
5877,6
5556,5
5229,5
5560,5
5554,5
5520,5
5559,5
5227,5
5222,5
5216,5
5231,5
5234,5
5232,5
5230,5
5228,5
5233,5
5394,5
5223,5
5515,5
5236,5
5235,5
5561,5
5563,5
5240,5
5238,5
5241,5
5562,5
5566,4
5557,5
5237,5
5242,5
5882,6
5397,5
5887,6
5884,6
5245,5
5246,5
5567,4
5568,4
5398,5
5243,5
5244,5
5254,5
5248,5
5247,5
5249,5
5883,6
5578,4
5614,4
5624,4
5698,4
5977,5
5738,4
5988,5
5746,4
6219,3
6106,5
6256,3
6474,2
6322,2
6471,2
6364,2
6363,2
6278,3
6398,2
6411,2
5885,6
5396,5
5401,5
5395,5
5888,6
5569,4
5256,5
5251,5
5886,6
5880,6
5250,5
5252,5
5400,5
5402,5
5264,5
5261,5
5571,4
5570,4
5574,4
5255,5
5572,4
5257,5
5253,5
5890,6
5262,5
5258,5
5889,6
5260,5
5266,5
5564,5
5399,5
5265,5
5263,5
5576,4
5267,5
5577,4
5393,5
5580,4
5403,5
5895,6
5269,5
5268,5
5575,4
5579,4
5573,4
5270,5
5581,4
5239,5
5891,6
5404,5
5405,5
5894,6
5582,4
5583,4
5897,6
5896,6
5898,6
5585,4
5406,5
5586,4
5893,6
5589,4
5588,4
5587,4
5272,5
5584,4
5591,4
5407,5
5595,4
5593,4
5273,5
5900,6
5597,4
5408,5
5902,6
5594,4
5592,4
5277,5
5276,5
5602,4
5903,6
5274,5
5413,5
5414,5
5411,5
5901,6
5601,4
5600,4
5409,5
5412,5
5281,5
5606,4
5280,5
5604,4
5596,4
5904,6
5599,4
5608,4
5609,4
5906,6
5605,4
5607,4
5416,5
5417,5
5282,5
5611,4
5610,4
5590,4
5899,6
5612,4
5603,4
5275,5
5285,5
5271,5
5278,5
5421,5
5286,5
5418,5
5419,5
5415,5
5420,5
5410,5
5284,5
5618,4
5283,5
5613,4
5617,4
5905,6
5616,4
5620,4
5615,4
5909,6
5908,6
5621,4
5623,4
5920,5
5925,5
5922,5
5927,5
5921,5
5926,5
5629,4
5622,4
5910,6
5928,5
5626,4
5924,5
5911,6
5929,5
5631,4
5634,4
5630,4
5633,4
5619,4
5638,4
5259,5
5913,6
5628,4
5641,4
5642,4
5643,4
5640,4
5635,4
5912,6
5644,4
5279,5
5632,4
5914,6
5637,4
5649,4
5647,4
5651,4
5650,4
5648,4
5652,4
5646,4
5907,6
5655,4
5656,4
5658,4
5657,4
5654,4
5645,4
5636,4
5659,4
5625,4
5660,4
5661,4
5663,4
5668,4
5667,4
5666,4
5669,4
5664,4
5639,4
5598,4
5627,4
5933,5
5931,5
5938,5
5923,5
5672,4
5934,5
5673,4
5671,4
5935,5
5665,4
5932,5
5676,4
5677,4
5678,4
5675,4
5680,4
5679,4
5682,4
5681,4
5915,6
6114,2
5653,4
5662,4
5936,5
5674,4
5918,6
5937,5
5695,4
5697,4
5694,4
5917,6
5696,4
6115,2
5947,5
5683,4
5940,5
6116,2
5685,4
5930,5
5916,6
5699,4
5941,5
5942,5
5944,5
5945,5
6113,2
5692,4
5953,5
5943,5
5951,5
5702,4
5700,4
5703,4
5949,5
5952,5
5955,5
5707,4
5946,5
5939,5
5950,5
5957,5
5956,5
5954,5
5701,4
5704,4
5958,5
5959,5
5711,4
5714,4
5708,4
5713,4
5965,5
5960,5
5963,5
5709,4
5716,4
5712,4
5973,5
5719,4
5972,5
5720,4
5961,5
5970,5
5722,4
5971,5
5966,5
5967,5
5718,4
5706,4
5717,4
5969,5
5724,4
5723,4
5728,4
5729,4
5726,4
5725,4
5974,5
5693,4
5730,4
5962,5
5715,4
5978,5
5732,4
5982,5
5727,4
5736,4
5735,4
5731,4
5979,5
5985,5
5968,5
5741,4
5739,4
5287,5
5987,5
5737,4
5743,4
5744,4
5288,5
5980,5
5742,4
5986,5
5748,4
5745,4
5290,5
5995,5
5989,5
5750,4
6117,2
5747,4
5996,5
5990,5
5998,5
5992,5
5991,5
5984,5
5997,5
6000,5
5749,4
5753,4
5740,4
6002,5
6003,5
5751,4
6004,5
6006,5
6005,5
6016,5
6012,5
5975,5
6017,5
5721,4
6022,5
6021,5
5755,4
6011,5
6015,5
6008,5
6020,5
6023,5
6001,5
6013,5
6018,5
6010,5
6014,5
6024,5
6025,5
6026,5
6027,5
6019,5
6028,5
6009,5
5981,5
5983,5
6030,5
5993,5
6029,5
6032,5
5759,4
6031,5
6033,5
5765,4
5762,4
5771,4
5766,4
6035,5
6039,5
6037,5
6040,5
5773,4
5769,4
6038,5
5770,4
6043,5
6044,5
6047,5
6042,5
6046,5
5774,4
5291,5
5775,4
5776,4
5777,4
5756,4
5772,4
5778,4
5763,4
5994,5
5761,4
5779,4
5783,4
5782,4
5781,4
6041,5
6049,5
5786,4
5754,4
5767,4
5784,4
5789,4
5788,4
5780,4
5790,4
5792,4
5795,4
5791,4
6051,5
5758,4
6052,5
5794,4
5796,4
5787,4
5999,5
6118,2
5764,4
5797,4
6056,5
6053,5
6055,5
5800,4
6045,5
5799,4
5798,4
5801,4
5964,5
6054,5
5768,4
5802,4
5803,4
5785,4
5808,4
5793,4
6061,5
6057,5
6048,5
6059,5
5809,4
6060,5
6063,5
6050,5
5805,4
5804,4
5810,4
5812,4
5813,4
5806,4
5811,4
5814,4
5816,4
5807,4
5815,4
5823,4
5818,4
6065,5
5824,4
5827,4
5826,4
5828,4
5829,4
5825,4
6058,5
6121,2
5830,4
6122,2
5822,4
5832,4
5835,4
5752,4
6068,5
6067,5
6069,5
5833,4
5837,4
5831,4
5836,4
6071,5
6062,5
6074,5
6070,5
5838,4
5819,4
6064,5
5834,4
5841,4
5844,4
5842,4
5840,4
5817,4
6072,5
6073,5
6076,5
5847,4
6075,5
6126,2
5820,4
5849,4
6127,2
5848,4
6124,2
6123,2
6125,2
5850,4
5845,4
5846,4
5855,4
5852,4
5821,4
6258,3
6175,2
6102,5
6287,2
6176,2
6289,2
6104,5
6213,3
6227,3
6290,2
6260,3
6293,2
6230,3
6295,2
6313,2
6361,2
6362,2
6246,3
6339,2
6279,3
6276,3
6500,2
6410,2
6422,2
6408,2
6504,2
6652,1
6506,2
6507,2
6508,2
6743,2
6430,2
6524,3
5858,4
5857,4
5853,4
5851,4
6084,5
6128,2
6129,2
6120,2
5860,4
5854,4
6081,5
6078,5
6207,3
5859,4
6066,5
6082,5
5839,4
5861,4
6083,5
6080,5
5843,4
5863,4
6089,5
6091,5
6090,5
6092,5
6087,5
6094,5
6085,5
6093,5
6077,5
6130,2
6138,2
6135,2
6086,5
6134,2
6133,2
6140,2
6141,2
6139,2
5862,4
5864,4
5865,4
6096,5
6143,2
6098,5
6209,3
5867,4
5866,4
6131,2
6147,2
6148,2
5868,5
6095,5
6099,5
6119,2
6149,2
6101,5
6100,5
6097,5
5869,4
6150,2
5870,4
5871,4
5872,4
5856,4
6208,3
6151,2
6255,3
6152,2
6144,2
6145,2
6146,2
6153,2
6155,2
6253,3
6159,2
6158,2
6157,2
6136,2
6154,2
6156,2
6161,2
6160,2
6107,5
6142,2
6137,2
6210,3
6163,2
6108,5
6214,3
6211,3
6215,3
6164,2
6257,3
6217,3
6220,3
6254,3
6162,2
6172,2
6169,2
6173,2
6103,5
6221,3
6109,5
6111,5
6110,5
6174,2
6167,2
6165,2
6223,3
6224,3
6179,2
6177,2
6180,2
6178,2
6184,2
6181,2
6291,2
6112,5
6183,2
6105,5
6292,2
6171,2
6288,2
6228,3
6186,2
6259,3
6189,2
6188,2
6294,2
6297,2
6191,2
6190,2
6192,2
6185,2
6225,3
6229,3
6232,3
6235,3
6237,3
6236,3
6238,3
6261,3
6234,3
6193,2
6262,3
6194,2
6239,3
6243,3
6240,3
6241,3
6231,3
6198,2
6199,2
6197,2
6196,2
6195,2
6222,3
6263,3
6296,2
6200,2
6245,3
6201,2
6300,2
6265,3
6203,2
6206,2
6202,2
6182,2
6244,3
6304,2
6299,2
6301,2
6247,3
6242,3
6248,3
6204,2
6249,3
6486,2
6205,2
6187,2
6306,2
6305,2
6266,3
6303,2
6307,2
6298,2
6264,3
6308,2
6466,2
6487,2
6309,2
6302,2
6233,3
6490,2
6489,2
6488,2
6468,2
6269,3
6270,3
6271,3
6314,2
6267,3
6492,2
6315,2
6321,2
6485,2
6320,2
6312,2
6319,2
6268,3
6318,2
6324,2
6325,2
6272,3
6329,2
6326,2
6317,2
6493,2
6494,2
6332,2
6310,2
6465,2
6333,2
6251,3
6491,2
6330,2
6226,3
6336,2
6331,2
6344,2
6342,2
6327,2
6341,2
6316,2
6328,2
6470,2
6345,2
6347,2
6348,2
6349,2
6346,2
6350,2
6334,2
6274,3
6340,2
6351,2
6352,2
6354,2
6355,2
6356,2
6358,2
6357,2
6338,2
6335,2
6516,3
6360,2
6359,2
6311,2
6366,2
6367,2
6368,2
6365,2
6369,2
6373,2
6372,2
6370,2
6371,2
6374,2
6337,2
6353,2
6343,2
6252,3
6250,3
6377,2
6375,2
6380,2
6376,2
6379,2
6378,2
6277,3
6382,2
6495,2
6498,2
6499,2
6497,2
6391,2
6387,2
6390,2
6389,2
6388,2
6383,2
6385,2
6384,2
6386,2
6475,2
6394,2
6395,2
6396,2
6501,2
6611,2
6381,2
6393,2
6469,2
6404,2
6406,2
6400,2
6399,2
6405,2
6397,2
6403,2
6518,3
6402,2
6401,2
6392,2
6502,2
6503,2
6520,3
6273,3
6281,3
6409,2
6517,3
6419,2
6323,2
6407,2
6523,3
6476,2
6473,2
6612,2
6418,2
6420,2
6477,2
6467,2
6423,2
6505,2
6275,3
6521,3
6282,3
6421,2
6522,3
6742,2
6427,2
6280,3
6789,1
6478,2
6519,3
6676,3
6426,2
6741,2
6525,3
6424,2
6285,3
6432,2
6284,3
6653,1
6434,2
6655,1
6678,3
6435,2
6656,1
6527,3
6657,1
6479,2
6428,2
6429,2
6437,2
6480,2
6610,2
6526,3
6679,3
6658,1
6441,2
6654,1
6425,2
6439,2
6744,2
6511,2
6496,2
6442,2
6677,3
6443,2
6472,2
6614,2
6509,2
6651,1
6528,3
6436,2
6529,3
6438,2
6510,2
6445,2
6433,2
6286,3
6483,2
6283,3
6481,2
6482,2
6484,2
6513,2
6752,2
6565,3
6683,3
6567,3
6566,3
6561,3
6721,3
6726,3
6724,3
7569,1
7147,3
6994,2
6882,2
7138,3
7148,3
7558,1
7578,1
7153,3
7566,1
7581,1
7149,3
7667,3
7669,3
6800,1
7146,3
7586,1
7158,3
7164,3
7162,3
6802,1
7151,3
6440,2
6447,2
6444,2
6536,3
6535,3
6530,3
6431,2
6449,2
6659,1
6682,3
6790,1
6446,2
6532,3
6451,2
6455,2
6456,2
6613,2
6533,3
6791,1
6531,3
6539,3
6537,3
6540,3
6534,3
6538,3
6454,2
6746,2
6748,2
6745,2
6660,1
6514,2
6543,3
6747,2
6804,2
6680,3
6452,2
6544,3
6547,3
6792,1
6453,2
6662,1
6541,3
6459,2
6448,2
6450,2
6460,2
6457,2
6549,3
6552,3
6548,3
6546,3
6553,3
6554,3
6555,3
6545,3
6751,2
6663,1
6556,3
6750,2
6749,2
6805,2
6557,3
6559,3
6560,3
6558,3
6897,2
6754,2
6542,3
6562,3
6753,2
6564,3
6563,3
6551,3
6550,3
6570,3
6794,1
6462,2
6512,2
6461,2
6759,2
6806,2
6757,2
6458,2
6665,1
6932,2
6684,3
6573,3
6681,3
6755,2
6664,1
6571,3
6807,2
6661,1
6515,2
6762,2
6756,2
6788,1
6764,2
6898,2
6763,2
6463,2
7189,3
7611,1
7182,3
7176,3
7184,3
7759,2
7762,2
7825,2
7521,3
7824,2
7765,2
7511,3
7827,2
7836,2
7835,2
7838,2
7828,2
7523,3
7831,2
7840,2
7841,2
7842,2
7843,2
8134,1
7863,2
7859,2
7864,2
7860,2
7861,2
7866,2
7862,2
7865,2
8085,1
7697,2
7738,1
8023,2
8100,1
7716,2
7071,1
7743,1
8028,2
7718,2
8559,2
8030,2
8568,2
8560,2
7663,1
6766,2
6464,2
6767,2
6758,2
6768,2
6934,2
6765,2
6935,2
6667,1
6811,2
6809,2
6569,3
6574,3
6689,3
6808,2
6971,2
6810,2
6899,2
6576,3
6972,2
6937,2
6761,2
6936,2
6666,1
6938,2
6939,2
6575,3
6668,1
6933,2
6669,1
6901,2
6796,1
6690,3
6940,2
6688,3
6686,3
6691,3
6578,3
6687,3
6685,3
6942,2
6760,2
6943,2
6692,3
6694,3
6580,3
6812,2
6976,2
6974,2
6795,1
6771,2
6944,2
6693,3
6770,2
6670,1
6797,1
6813,2
6695,3
6973,2
6946,2
6948,2
6979,2
6949,2
6577,3
6814,2
6941,2
6977,2
6945,2
6579,3
6583,3
6769,2
6950,2
6568,3
6951,2
6773,2
6775,2
6952,2
6696,3
6900,2
6774,2
6953,2
6902,2
6947,2
6954,2
6699,3
6815,2
6905,2
6673,1
6816,2
6817,2
6697,3
6701,3
6777,2
6778,2
6672,1
6772,2
6698,3
6581,3
6906,2
6779,2
6780,2
6781,5
6903,2
6776,2
6978,2
6959,2
6700,3
6958,2
6784,2
6675,1
6585,3
6674,1
6702,3
6584,3
6586,3
6955,2
6582,3
6909,2
6820,2
6980,2
6960,2
6907,2
6910,2
6782,2
6783,2
6671,1
6821,2
6961,2
6615,2
6819,2
6823,2
6704,3
6706,3
6911,2
6818,2
6822,2
6912,2
6705,3
6588,3
6618,2
6619,2
6975,2
6707,3
6590,3
6963,2
6589,3
6620,2
6962,2
6915,2
6914,2
6957,2
6710,3
6824,2
7034,2
6964,2
6591,3
6709,3
6913,2
6917,2
6593,3
6592,3
6621,2
6596,3
6622,2
6623,2
7036,2
6793,1
6785,2
6708,3
6916,2
7037,2
6595,3
6786,2
6965,2
7073,3
6624,2
6829,2
6712,3
6625,2
6716,3
6714,3
6832,2
6715,3
6598,3
6599,3
6967,2
6627,2
6713,3
6834,2
7074,3
6827,2
7035,2
6904,2
6626,2
6828,2
6830,2
6833,2
6982,2
6831,2
6597,3
6630,2
6628,2
6835,2
6600,3
6594,3
6826,2
6919,2
6918,2
6632,2
6836,2
6633,2
6629,2
6631,2
6719,3
6956,2
6634,2
6717,3
7076,3
6825,2
7075,3
6968,2
6636,2
6970,2
6787,2
6838,2
6969,2
6966,2
6711,3
6718,3
6920,2
6635,2
6617,2
6908,2
6637,2
6798,1
6840,2
6703,3
6723,3
6837,2
6587,3
7078,3
6722,3
7077,3
6572,3
7079,3
6727,3
6725,3
7081,3
7080,3
7082,3
6728,3
6986,2
6844,2
6841,2
6729,3
7084,3
6842,2
6981,2
6922,2
6730,3
6839,2
6847,2
6923,2
6616,2
6983,2
7087,3
7539,1
7041,2
6924,2
7089,3
7086,3
7091,3
6732,3
6602,3
7088,3
6845,2
6736,3
6984,2
6843,2
6731,3
6733,3
6848,2
6641,2
6985,2
6853,2
6638,2
6640,2
6720,3
6737,3
6735,3
6739,3
6734,3
6852,2
7090,3
7083,3
7092,3
6601,3
6738,3
6849,2
6850,2
6851,2
6603,3
6857,2
6859,2
6740,3
6858,2
7085,3
6854,2
6855,2
7097,3
6642,2
7095,3
6860,2
6862,2
6861,2
7039,2
6639,2
7093,3
7096,3
6864,2
7094,3
6865,2
6866,2
6867,2
6868,2
7100,3
7105,3
7098,3
7101,3
7102,3
7104,3
7099,3
6846,2
7103,3
6871,2
6872,2
6870,2
7040,2
6874,2
6873,2
6869,2
6856,2
6925,2
6875,2
7542,1
6799,1
7108,3
7541,1
7059,1
7106,3
7113,3
7110,3
7109,3
6928,2
7690,2
7666,3
6605,3
7664,3
7112,3
7038,2
6607,3
7540,1
7543,1
7549,1
6863,2
6927,2
7545,1
7544,1
7547,1
7548,1
7550,1
6988,2
7107,3
7120,3
7118,3
7552,1
7042,2
7553,1
7546,1
7043,2
7551,1
6991,2
7128,3
6993,2
6606,3
7665,3
7554,1
6989,2
7559,1
7556,1
7555,1
7125,3
7130,3
7122,3
7560,1
7114,3
7561,1
7111,3
7132,3
7562,1
7115,3
7117,3
7123,3
7131,3
7129,3
7563,1
7133,3
7116,3
7564,1
7567,1
7136,3
7134,3
7135,3
6878,2
6608,3
6609,3
6604,3
7126,3
7121,3
7119,3
6880,2
7568,1
7670,3
7571,1
7572,1
7573,1
7127,3
7574,1
7575,1
7577,1
7140,3
6881,2
7570,1
7144,3
7143,3
7671,3
7557,1
7141,3
6987,2
7142,3
6992,2
7668,3
7139,3
7582,1
7579,1
6921,2
6929,2
7576,1
6876,2
7157,3
6801,1
7155,3
7204,3
7621,1
7165,3
7001,2
7230,3
7005,2
7222,3
7228,3
7205,3
7622,1
7252,3
7248,3
7238,3
7206,3
7013,2
7218,3
7253,3
7241,3
7214,3
7246,3
7444,3
7800,2
7445,3
7420,3
8004,2
8084,1
7895,2
7530,3
7898,2
7874,2
8133,1
8431,1
8318,1
7773,2
8321,1
7971,2
8185,1
8166,1
8363,1
8540,2
8095,1
8702,1
8701,1
8669,1
7154,3
7598,1
7159,3
7152,3
7047,2
7590,1
7156,3
7045,2
7593,1
6879,2
7585,1
7583,1
7592,1
7584,1
6883,2
7589,1
7587,1
7594,1
7580,1
7145,3
7596,1
7595,1
6803,1
7591,1
7150,3
7673,3
7161,3
6877,2
7599,1
7674,3
7597,1
7600,1
7602,1
7166,3
7169,3
7163,3
7604,1
6930,2
7044,2
7603,1
6931,2
7171,3
6926,2
7606,1
7588,1
6996,2
7175,3
7191,3
7178,3
7186,3
7190,3
7601,1
7607,1
7160,3
7672,3
7050,2
7675,3
6884,2
7168,3
6885,2
7676,3
7605,1
7678,3
7608,1
7177,3
6645,2
7179,3
7188,3
7172,3
7614,1
7167,3
7181,3
7174,3
7183,3
7610,1
7173,3
7613,1
6997,2
7193,3
7185,3
7198,3
7137,3
7680,3
7124,3
7195,3
7201,3
7612,1
6886,2
7170,3
7048,2
7617,1
7196,3
7203,3
7677,3
7194,3
7618,1
7180,3
7199,3
6995,2
6990,2
7192,3
7200,3
7202,3
7565,1
7615,1
7197,3
7211,3
6998,2
7207,3
7619,1
6644,2
7003,2
7208,3
7061,1
7004,2
7679,3
7620,1
7216,3
7046,2
7217,3
7002,2
7213,3
7209,3
7000,2
7220,3
7007,2
7235,3
7008,2
7224,3
6999,2
7187,3
7049,2
7233,3
7239,3
7012,2
7009,2
7010,2
7052,2
7237,3
7231,3
7625,1
7219,3
7244,3
7243,3
7215,3
7258,3
7249,3
7255,3
7210,3
7232,3
7254,3
7221,3
7259,3
7242,3
6888,2
7264,3
7263,3
7245,3
7250,3
7257,3
7267,3
7017,2
7015,2
7256,3
7269,3
7272,3
7919,2
7529,3
7531,3
7916,2
8007,2
7923,2
7733,1
7735,1
8432,1
8433,1
7524,3
7775,2
8643,1
8389,1
8297,1
8110,1
8390,1
8647,1
8685,1
8648,1
8518,1
7623,1
7624,1
7270,3
6648,2
7229,3
7266,3
7276,3
7628,1
7212,3
7274,3
7275,3
7284,3
7251,3
7262,3
7271,3
7268,3
7273,3
7227,3
7631,1
7285,3
7280,3
7281,3
7278,3
7223,3
7236,3
7240,3
7286,3
7289,3
7234,3
7265,3
7226,3
7277,3
7283,3
7291,3
7225,3
7260,3
7006,2
7287,3
7300,3
7296,3
7290,3
6889,2
6887,2
7019,2
7294,3
7301,3
7308,3
7627,1
7307,3
7311,3
7303,3
7011,2
7609,1
7312,3
7282,3
7634,1
7316,3
7313,3
7304,3
7279,3
7310,3
7314,3
7319,3
7288,3
7293,3
7292,3
7295,3
7633,1
7320,3
7321,3
7322,3
7317,3
7324,3
7326,3
7315,3
6643,2
7323,3
7309,3
7018,2
7327,3
7298,3
7329,3
7297,3
7332,3
7328,3
7333,3
7334,3
7336,3
7335,3
7337,3
7302,3
7318,3
6649,2
7340,3
7331,3
7342,3
7339,3
7343,3
7344,3
7345,3
7330,3
7351,3
7346,3
6650,2
6646,2
7348,3
7349,3
7352,3
7353,3
7341,3
7359,3
7354,3
7020,2
7362,3
7361,3
7358,3
7356,3
7363,3
7360,3
7355,3
7364,3
7365,3
7366,3
7368,3
7369,3
7305,3
7306,3
7372,3
6647,2
7367,3
7373,3
7376,3
7377,3
7374,3
7375,3
7357,3
7380,3
7381,3
7379,3
7386,3
7382,3
7299,3
7387,3
7325,3
7385,3
7388,3
7389,3
7390,3
7391,3
7636,1
7394,3
7635,1
7350,3
7393,3
7338,3
7395,3
7371,3
7383,3
7384,3
6890,2
7629,1
7638,1
7616,1
7056,2
7347,3
7993,2
7637,1
7994,2
7016,2
7055,2
7410,3
7411,3
7053,2
7683,3
7398,3
7396,3
7400,3
7404,3
7378,3
7406,3
7408,3
7632,1
7639,1
7057,2
7058,2
7399,3
7392,3
7415,3
7418,3
6891,2
7409,3
7421,3
7060,1
7051,2
7054,2
7417,3
7402,3
7798,2
7405,3
7403,3
7423,3
7014,2
7419,3
7643,1
7727,1
7425,3
7427,3
7429,3
7424,3
7426,3
7431,3
7433,3
7682,3
7412,3
7428,3
7430,3
7397,3
7642,1
7026,2
7022,2
7401,3
7416,3
7435,3
7370,3
7996,2
7434,3
7443,3
7440,3
7414,3
7422,3
7646,1
7801,2
7025,2
7645,1
7446,3
7024,2
7441,3
7436,3
7442,3
7261,3
7648,1
7439,3
7021,2
7641,1
7644,1
7407,3
7647,1
7450,3
7452,3
7448,3
7413,3
7684,3
7447,3
7432,3
7454,3
7455,3
7449,3
7438,3
7023,2
7437,3
7247,3
7749,2
7451,3
7456,3
7459,3
7681,3
7626,1
7995,2
7752,2
7650,1
7640,1
7463,3
7458,3
7804,2
7457,3
7465,3
7453,3
7466,3
7460,3
7464,3
7691,2
7462,3
7468,3
7472,3
7470,3
7461,3
7476,3
7475,3
7474,3
7751,2
7477,3
7750,2
7467,3
7473,3
7028,2
7469,3
7651,1
7693,2
7479,3
7754,2
7692,2
7799,2
7029,2
7031,2
7484,3
7030,2
7756,2
7483,3
7027,2
7485,3
7481,3
7478,3
6893,2
7482,3
7487,3
7490,3
8035,3
7653,1
7753,2
7480,3
7806,2
7652,1
7649,1
7062,1
7471,3
7488,3
7489,3
7803,2
7492,3
7997,2
8000,2
7998,2
8077,1
7728,1
7495,3
7496,3
7491,3
7493,3
7500,3
7630,1
7760,2
7497,3
7503,3
7504,3
7498,3
7501,3
7802,2
7808,2
7807,2
7755,2
7805,2
7499,3
7758,2
7502,3
7505,3
7508,3
7507,3
7063,2
7506,3
7809,2
7696,2
7694,2
7064,1
7817,2
7686,3
7494,3
7509,3
7816,2
7695,2
7032,2
7819,2
7820,2
7815,2
7818,2
8076,1
7514,3
7515,3
7510,3
8080,1
8078,1
7810,2
7033,2
7822,2
7814,2
7513,3
7763,2
7813,2
8001,2
8079,1
7517,3
7516,3
7821,2
7757,2
7066,1
7767,2
7826,2
7823,2
7522,3
7654,1
7655,1
8130,1
7525,3
7829,2
8081,1
7761,2
7518,3
7656,1
7844,2
8082,1
7832,2
7850,2
7851,2
7847,2
7852,2
7849,2
7848,2
7854,2
7853,2
7857,2
7846,2
7858,2
7830,2
7856,2
8131,1
8083,1
7837,2
7845,2
7855,2
7526,3
7839,2
7766,2
7871,2
7868,2
7870,2
7869,2
7872,2
7873,2
7520,3
7876,2
7878,2
7877,2
7879,2
7880,2
7527,3
7512,3
7769,2
7883,2
7885,2
7886,2
7882,2
7888,2
7889,2
7890,2
7891,2
7867,2
8086,1
7811,2
7893,2
7812,2
7875,2
7881,2
7764,2
8087,1
7772,2
7065,1
7774,2
7528,3
7901,2
7884,2
7730,1
8003,2
7771,2
8088,1
8132,1
7834,2
7887,2
7519,3
7899,2
8089,1
8006,2
7908,2
7906,2
7907,2
7905,2
7904,2
7067,1
7897,2
7731,1
7896,2
7903,2
7911,2
8317,1
7768,2
7915,2
7892,2
7900,2
8316,1
7910,2
7894,2
8002,2
7909,2
7902,2
7698,2
7729,1
7914,2
7699,2
7734,1
7922,2
8005,2
8008,2
7486,3
7917,2
7921,2
7924,2
7732,1
7920,2
8135,1
8092,1
7657,1
7658,1
7702,2
8324,1
7928,2
7918,2
7770,2
7068,2
7912,2
7926,2
7659,1
7929,2
8136,1
7930,2
8322,1
7776,2
8090,1
8319,1
7701,2
7833,2
7913,2
7779,2
8323,1
8326,1
7931,2
7941,2
7999,2
8138,1
7927,2
7925,2
7534,3
8327,1
7533,3
7934,2
7705,2
7936,2
7932,2
7937,2
7661,1
8435,1
7700,2
7685,3
7940,2
7938,2
7943,2
8320,1
7706,2
8137,1
7947,2
8331,1
8328,1
8325,1
7935,2
7946,2
8434,1
8329,1
7703,2
7944,2
7782,2
7933,2
8034,3
8332,1
8436,1
6892,2
7660,1
8333,1
7784,2
8091,1
7704,2
8011,2
8334,1
8338,1
8437,1
7949,2
8009,2
8330,1
8536,2
8336,1
7945,2
7948,2
8337,1
8335,1
8094,1
7777,2
8140,1
7950,2
7707,2
8339,1
8340,1
7942,2
8496,1
8015,2
8141,1
8341,1
8438,1
8142,1
8440,1
8441,1
8343,1
7952,2
7954,2
8439,1
8345,1
7939,2
7955,2
8495,1
8012,2
8344,1
7953,2
7688,3
8014,2
7783,2
7960,2
7957,2
8349,1
8342,1
8348,1
8010,2
7535,3
8347,1
7958,2
7951,2
8346,1
7070,1
8538,2
8143,1
7708,2
7780,2
7964,2
8350,1
8144,1
7956,2
7962,2
8149,1
8443,1
7710,2
7740,1
8442,1
8147,1
7739,1
8146,1
7781,2
7963,2
7959,2
8156,1
8351,1
8145,1
8151,1
7532,3
7778,2
8158,1
8157,1
8153,1
8139,1
8154,1
8155,1
8161,1
8160,1
8150,1
8352,1
7709,2
8159,1
8038,3
8036,3
8164,1
8013,2
7961,2
8165,1
8152,1
8168,1
8169,1
8162,1
8170,1
8167,1
8537,2
8171,1
8093,1
8354,1
8446,1
8148,1
8172,1
8039,3
8040,3
8444,1
8179,1
7965,2
8177,1
8175,1
8180,1
8355,1
8357,1
8176,1
8174,1
8173,1
8353,1
8163,1
8181,1
8358,1
8356,1
8182,1
7968,2
8447,1
8017,2
8019,2
7711,2
8178,1
7969,2
8535,2
7537,3
7970,2
7069,2
7713,2
8186,1
7967,2
7712,2
8184,1
8188,1
8187,1
7536,3
7736,1
8192,1
8445,1
7974,2
8189,1
8191,1
8196,1
8190,1
7687,3
8541,2
8361,1
7785,2
8194,1
8193,1
8183,1
8200,1
8195,1
8020,2
8544,2
7538,3
8366,1
8364,1
8199,1
8202,1
8022,2
7972,2
8360,1
7714,2
8204,1
8201,1
8037,3
8198,1
8362,1
7689,3
6896,5
8197,1
8367,1
8097,1
8206,1
8209,1
7737,1
8205,1
7978,2
7715,2
8210,1
8025,2
7966,2
8542,2
8207,1
8203,1
8214,1
8043,3
8365,1
8213,1
8096,1
7975,2
7979,2
8545,2
7741,1
8215,1
8208,1
7787,2
8543,2
8211,1
8212,1
8546,2
7072,1
6894,2
8217,1
8216,1
8218,1
6895,2
8018,2
8042,3
7662,1
8222,1
8223,1
8099,1
7977,2
7788,2
8219,1
8225,1
8374,1
8220,1
8021,2
8024,2
8370,1
7717,2
7789,2
8368,1
8221,1
8372,1
8046,3
8548,2
8027,2
8547,2
8226,1
8045,3
8224,1
8539,2
8026,2
8228,1
8232,1
8549,2
8229,1
8029,2
8231,1
8233,1
8552,2
8550,2
7790,2
8048,3
8497,1
8235,1
8047,3
8373,1
8371,1
8554,2
8553,2
7985,2
7982,2
8377,1
8239,1
8227,1
8376,1
8555,2
8241,1
8557,2
8240,1
7980,2
7976,2
8243,1
8238,1
8041,3
7786,2
8236,1
8049,3
8050,3
8375,1
8016,2
8051,3
8561,2
8379,1
8237,1
8244,1
7984,2
8381,1
7973,2
8246,1
7983,2
8247,1
8563,2
8558,2
8566,2
8565,2
8382,1
8378,1
8031,2
8052,3
8380,1
8245,1
8383,1
8032,2
8551,2
8234,1
7744,1
8054,3
8251,1
8252,1
8056,3
7795,2
8569,2
8248,1
8556,2
8249,1
8250,1
8573,2
8242,1
8386,1
8562,2
8564,2
8571,2
8385,1
8567,2
8254,1
8253,1
8255,1
8103,1
8230,1
7720,2
7793,2
8256,1
8257,1
8033,2
7794,2
8579,2
8572,2
7746,1
8575,2
8259,1
8577,2
7719,2
7981,2
8262,1
8498,1
8574,2
8570,2
7792,2
8264,1
7742,1
8060,3
8261,1
8581,2
8053,3
7748,1
8585,2
8583,2
8586,2
7797,2
7722,2
7721,2
8059,3
8576,2
8266,1
8064,3
7747,1
8580,2
8044,3
8588,2
8260,1
7796,2
7745,1
8582,2
8265,1
8065,3
7791,2
8587,2
8267,1
8451,1
8066,3
7723,2
8578,2
8387,1
8270,1
8268,1
8589,2
8272,1
8269,1
8584,2
8063,3
8274,1
8275,1
8271,1
8263,1
8098,1
8449,1
8590,2
7725,2
8598,2
8057,3
8273,1
8067,3
8104,1
8061,3
8258,1
8062,3
8594,2
8277,1
7726,2
8592,2
8625,1
8278,1
8279,1
8280,1
8601,2
8599,2
8597,2
8058,3
8101,1
8593,2
8626,1
8499,1
8069,3
7724,2
7990,2
7987,2
8450,1
8624,1
8401,1
8652,1
8532,1
8534,1
8414,1
8114,1
8113,1
8415,1
8661,1
8304,1
8680,1
8596,2
8600,2
7988,2
8591,2
7986,2
8070,3
8502,1
7989,2
8595,2
8500,1
8276,1
8284,1
8281,1
8504,1
8604,2
8283,1
8602,2
7991,2
7992,2
8610,2
8282,1
8606,2
8286,1
8452,1
8288,1
8609,2
8285,1
8605,2
8627,1
8289,1
8612,2
8607,2
8454,1
8068,3
8603,2
8456,1
8453,1
8615,2
8455,1
8608,2
8614,2
8611,2
8623,1
8457,1
8072,3
8613,2
8616,2
8287,1
8503,1
8618,2
8619,2
8617,2
8460,1
8505,1
8291,1
8620,2
8463,1
8462,1
8290,1
8628,1
8465,1
8448,1
8384,1
8631,1
8622,2
8466,1
8458,1
8621,5
8461,1
8459,1
8629,1
8468,1
8071,3
8630,1
8292,1
8501,1
8506,1
8634,1
8632,1
8469,1
8507,1
8635,1
8471,1
8075,3
8637,1
8467,1
8470,1
8508,1
8509,1
8074,3
8105,1
8472,1
8473,1
8633,1
8106,1
8055,3
8107,1
8636,1
8369,1
8640,1
8295,1
8476,1
8293,1
8475,1
8108,1
8464,1
8102,1
8638,1
8512,1
8510,1
8639,1
8294,1
8684,1
8474,1
8515,1
8513,1
8642,1
8477,1
8109,1
8644,1
8514,1
8073,3
8641,1
8645,1
8359,1
8388,1
8519,1
8392,1
8686,1
8391,1
8479,1
8511,1
8688,1
8689,1
8516,1
8517,1
8521,1
8649,1
8522,1
8478,1
8296,1
8524,1
8646,1
8525,1
8687,1
8520,1
8690,1
8396,1
8523,1
8651,1
8653,1
8650,1
8527,1
8691,1
8528,1
8394,1
8655,1
8693,1
8397,1
8395,1
8398,1
8393,1
8299,1
8526,1
8399,1
8530,1
8656,1
8658,1
8692,1
8529,1
8402,1
8403,1
8657,1
8298,1
8404,1
8407,1
8408,1
8654,1
8400,1
8695,1
8111,1
8405,1
8409,1
8696,1
8480,1
8694,1
8531,1
8533,1
8412,1
8416,1
8112,1
8411,1
8406,1
8413,1
8482,1
8301,1
8481,1
8699,1
8660,1
8300,1
8698,1
8697,1
8659,1
8700,1
8115,1
8418,1
8410,1
8663,1
8116,1
8667,1
8662,1
8666,1
8417,1
8485,1
8665,1
8117,1
8484,1
8668,1
8483,1
8419,1
8705,1
8120,1
8422,1
8704,1
8118,1
8671,1
8670,1
8421,1
8672,1
8673,1
8703,1
8489,1
8676,1
8707,1
8675,1
8706,1
8664,1
8674,1
8119,1
8488,1
8677,1
8424,1
8420,1
8487,1
8423,1
8708,1
8678,1
8709,1
8302,1
8710,1
8122,1
8303,1
8681,1
8679,1
8683,1
8711,1
8682,1
8305,1
8715,1
8713,1
8714,1
8124,1
8123,1
8125,1
8718,1
8426,1
8427,1
8428,1
8716,1
8719,1
8712,1
8717,1
8721,1
8720,1
8127,1
8121,1
8126,1
8491,1
8128,1
8129,1
8309,1
8430,1
8486,1
8429,1
8307,1
8308,1
8310,1
8311,1
8425,1
8312,1
8490,1
8492,1
8313,1
8494,1
8493,1
8314,1
8315,1
8306,1
