STATE,COUNTY,TAZ
Alabama,Houston,10683
Alabama,Houston,10684
Alabama,Houston,10685
Alabama,Houston,10686
Georgia,Decatur,10687
Georgia,Grady,10688
Georgia,Glynn,10689
Georgia,Glynn,10690
Georgia,Ware,10691
Georgia,Ware,10692
Georgia,Ware,10693
Georgia,Ware,10694
Georgia,Ware,10695
Georgia,Brantley,10696
Georgia,Charlton,10697
Georgia,Charlton,10698
Georgia,Thomas,10699
Georgia,Thomas,10700
Georgia,Thomas,10701
Alabama,Houston,10702
Georgia,Early,10703
Georgia,Early,10704
Georgia,Early,10705
Georgia,Glynn,10706
Georgia,Glynn,10707
Georgia,Brantley,10711
Georgia,Brantley,10712
Georgia,Brantley,10713
Georgia,Charlton,10714
Georgia,Charlton,10715
Georgia,Brantley,10716
Georgia,Clinch,10717
Georgia,Clinch,10718
Georgia,Clinch,10719
Georgia,Clinch,10720
Georgia,Clinch,10721
Georgia,Clinch,10722
Georgia,Echols,10723
Georgia,Brooks,10724
Georgia,Brooks,10725
Georgia,Brooks,10726
Georgia,Thomas,10727
Georgia,Brooks,10728
Georgia,Lowndes,10729
Georgia,Lowndes,10730
Georgia,Brooks,10731
Georgia,Thomas,10732
Georgia,Thomas,10733
Georgia,Thomas,10734
Georgia,Early,10735
Alabama,Houston,10736
Alabama,Houston,10737
Alabama,Escambia,10738
Alabama,Escambia,10743
Alabama,Baldwin,10744
Alabama,Baldwin,10745
Alabama,Baldwin,10746
Alabama,Baldwin,10747
Alabama,Baldwin,10748
Alabama,Baldwin,10749
Alabama,Baldwin,10750
Alabama,Baldwin,10751
Alabama,Baldwin,10752
Alabama,Baldwin,10753
Alabama,Baldwin,10754
Alabama,Baldwin,10755
Alabama,Baldwin,10756
Alabama,Baldwin,10757
Alabama,Baldwin,10758
Alabama,Escambia,10759
Alabama,Escambia,10760
Alabama,Escambia,10761
Alabama,Escambia,10762
Alabama,Escambia,10763
Alabama,Conecuh,10764
Alabama,Escambia,10765
Alabama,Conecuh,10766
Alabama,Conecuh,10767
Alabama,Conecuh,10768
Alabama,Conecuh,10769
Alabama,Conecuh,10770
Alabama,Covington,10771
Alabama,Covington,10772
Alabama,Covington,10773
Alabama,Escambia,10774
Alabama,Escambia,10775
Alabama,Covington,10776
Alabama,Covington,10777
Alabama,Covington,10778
Alabama,Covington,10779
Alabama,Houston,10780
Alabama,Houston,10781
Alabama,Geneva,10782
Alabama,Covington,10783
Alabama,Covington,10784
Alabama,Geneva,10785
Alabama,Geneva,10786
Alabama,Geneva,10787
Alabama,Dale,10788
Alabama,Dale,10789
Alabama,Geneva,10790
Alabama,Geneva,10791
Alabama,Geneva,10792
Alabama,Geneva,10793
Alabama,Geneva,10794
Alabama,Coffee,10795
Alabama,Geneva,10796
Alabama,Geneva,10797
Alabama,Coffee,10798
Alabama,Dale,10799
Alabama,Dale,10800
Alabama,Dale,10801
Alabama,Coffee,10802
Alabama,Coffee,10803
Alabama,Coffee,10804
Alabama,Coffee,10805
Alabama,Houston,10806
Alabama,Dale,10807
Alabama,Dale,10808
Alabama,Coffee,10809
Alabama,Dale,10810
Alabama,Coffee,10811
Alabama,Henry,10812
Alabama,Dale,10813
Alabama,Dale,10814
Alabama,Dale,10815
Alabama,Dale,10816
Alabama,Henry,10818
Alabama,Henry,10820
Alabama,Henry,10821
Georgia,Miller,10822
Georgia,Miller,10823
Georgia,Seminole,10824
Georgia,Seminole,10825
Georgia,Seminole,10826
Georgia,Miller,10827
Georgia,Miller,10828
Georgia,Baker,10829
Georgia,Baker,10830
Georgia,Decatur,10831
Georgia,Decatur,10832
Georgia,Seminole,10833
Georgia,Seminole,10834
Georgia,Decatur,10835
Georgia,Decatur,10836
Georgia,Decatur,10837
Georgia,Decatur,10838
Georgia,Decatur,10839
Georgia,Decatur,10840
Georgia,Decatur,10841
Georgia,Grady,10842
Georgia,Grady,10843
Georgia,Grady,10844
Georgia,Grady,10845
Georgia,Grady,10846
Georgia,Grady,10847
Georgia,Grady,10848
Georgia,Mitchell,10849
Georgia,Mitchell,10850
Georgia,Mitchell,10851
Georgia,Mitchell,10852
Georgia,Mitchell,10853
Georgia,Mitchell,10854
Georgia,Mitchell,10855
Georgia,Mitchell,10856
Georgia,Colquitt,10857
Georgia,Colquitt,10858
Georgia,Cook,10859
Georgia,Colquitt,10860
Georgia,Colquitt,10861
Georgia,Colquitt,10862
Georgia,Cook,10863
Georgia,Cook,10864
Georgia,Cook,10865
Georgia,Echols,10866
Georgia,Lowndes,10867
Georgia,Lowndes,10868
Georgia,Lowndes,10869
Georgia,Lowndes,10870
Georgia,Echols,10871
Georgia,Echols,10872
Georgia,Echols,10873
Georgia,Echols,10874
Georgia,Lowndes,10875
Georgia,Lowndes,10876
Georgia,Lowndes,10877
Georgia,Lowndes,10878
Georgia,Lowndes,10879
Georgia,Lanier,10880
Georgia,Lanier,10881
Georgia,Lanier,10882
Georgia,Lanier,10883
Georgia,Lanier,10884
Georgia,Lanier,10885
Georgia,Lanier,10886
Georgia,Ware,10887
Georgia,Charlton,10891
Georgia,Charlton,10892
Georgia,Charlton,10893
Georgia,Charlton,10894
Georgia,Camden,10895
Georgia,Camden,10896
Georgia,Camden,10897
Georgia,Camden,10898
Georgia,Camden,10899
Georgia,Camden,10900
Georgia,Camden,10901
Georgia,Camden,10902
Alabama,Coffee,10903
Georgia,Early,10904
Georgia,Camden,10905
Georgia,Decatur,10906
Georgia,Camden,10907
Georgia,Camden,10908
Georgia,Worth,10939
Georgia,Clay,10943
Georgia,Calhoun,10951
Georgia,Calhoun,10952
Georgia,Berrien,10955
Alabama,Monroe,10964
Alabama,Clarke,10972
Georgia,Dougherty,10990
Georgia,Dougherty,10991
Georgia,Dougherty,10992
Georgia,Tift,10996
Georgia,Tift,10998
Georgia,Tift,10999
Georgia,Atkinson,11000
