"Purpose","Duration","DurationLo","DurationHi","Outbound","Inbound","Percent"
1,"0to2",0,2,0,0,0.763466
1,"0to2",0,2,0,1,0.102616
1,"0to2",0,2,0,2,0.028246
1,"0to2",0,2,0,4,0.00199
1,"0to2",0,2,1,0,0.063765
1,"0to2",0,2,1,1,0.010528
1,"0to2",0,2,2,0,0.028265
1,"0to2",0,2,3,0,0.000214
1,"0to2",0,2,4,0,0.00091
1,"12to24",12,24,0,0,0.456261
1,"12to24",12,24,0,1,0.185258
1,"12to24",12,24,0,2,0.077215
1,"12to24",12,24,0,3,0.019724
1,"12to24",12,24,0,4,0.017774
1,"12to24",12,24,1,0,0.077215
1,"12to24",12,24,1,1,0.04345
1,"12to24",12,24,1,2,0.037072
1,"12to24",12,24,1,3,0.010615
1,"12to24",12,24,1,4,0.007755
1,"12to24",12,24,2,0,0.016342
1,"12to24",12,24,2,1,0.007779
1,"12to24",12,24,2,2,0.003606
1,"12to24",12,24,2,3,0.004306
1,"12to24",12,24,2,4,0.002897
1,"12to24",12,24,3,0,0.003435
1,"12to24",12,24,3,1,0.006114
1,"12to24",12,24,3,2,0.000609
1,"12to24",12,24,3,3,0.00691
1,"12to24",12,24,3,4,0.000374
1,"12to24",12,24,4,0,0.008562
1,"12to24",12,24,4,1,0.003002
1,"12to24",12,24,4,2,0.002784
1,"12to24",12,24,4,3,0.000925
1,"12to24",12,24,4,4,0.000016
1,"2to4",2,4,0,0,0.606399
1,"2to4",2,4,0,1,0.116803
1,"2to4",2,4,0,2,0.038365
1,"2to4",2,4,0,3,0.020461
1,"2to4",2,4,0,4,0.013588
1,"2to4",2,4,1,0,0.093985
1,"2to4",2,4,1,1,0.029961
1,"2to4",2,4,1,2,0.016741
1,"2to4",2,4,1,3,0.002978
1,"2to4",2,4,1,4,0.006598
1,"2to4",2,4,2,0,0.020924
1,"2to4",2,4,2,1,0.010806
1,"2to4",2,4,2,2,0.009565
1,"2to4",2,4,2,3,0.001206
1,"2to4",2,4,3,0,0.003143
1,"2to4",2,4,3,1,0.001901
1,"2to4",2,4,4,0,0.006576
1,"4to8",4,8,0,0,0.58846
1,"4to8",4,8,0,1,0.123641
1,"4to8",4,8,0,2,0.042869
1,"4to8",4,8,0,3,0.014145
1,"4to8",4,8,0,4,0.014695
1,"4to8",4,8,1,0,0.06614
1,"4to8",4,8,1,1,0.046544
1,"4to8",4,8,1,2,0.016888
1,"4to8",4,8,1,3,0.004289
1,"4to8",4,8,1,4,0.009252
1,"4to8",4,8,2,0,0.02125
1,"4to8",4,8,2,1,0.007128
1,"4to8",4,8,2,2,0.004284
1,"4to8",4,8,2,3,0.000719
1,"4to8",4,8,2,4,0.000997
1,"4to8",4,8,3,0,0.007313
1,"4to8",4,8,3,1,0.00332
1,"4to8",4,8,3,2,0.005827
1,"4to8",4,8,3,3,0.000797
1,"4to8",4,8,3,4,0.000641
1,"4to8",4,8,4,0,0.010695
1,"4to8",4,8,4,1,0.008824
1,"4to8",4,8,4,2,0.001236
1,"4to8",4,8,4,3,0.000046
1,"8to12",8,12,0,0,0.617439
1,"8to12",8,12,0,1,0.137913
1,"8to12",8,12,0,2,0.037482
1,"8to12",8,12,0,3,0.011433
1,"8to12",8,12,0,4,0.009227
1,"8to12",8,12,1,0,0.064427
1,"8to12",8,12,1,1,0.056159
1,"8to12",8,12,1,2,0.012609
1,"8to12",8,12,1,3,0.005124
1,"8to12",8,12,1,4,0.003803
1,"8to12",8,12,2,0,0.014107
1,"8to12",8,12,2,1,0.009734
1,"8to12",8,12,2,2,0.003295
1,"8to12",8,12,2,3,0.00149
1,"8to12",8,12,2,4,0.001235
1,"8to12",8,12,3,0,0.003643
1,"8to12",8,12,3,1,0.00159
1,"8to12",8,12,3,2,0.000715
1,"8to12",8,12,3,3,0.000125
1,"8to12",8,12,3,4,0.000279
1,"8to12",8,12,4,0,0.003792
1,"8to12",8,12,4,1,0.001464
1,"8to12",8,12,4,2,0.002053
1,"8to12",8,12,4,3,0.000727
1,"8to12",8,12,4,4,0.000135
2,"0to2",0,2,0,0,0.837021
2,"0to2",0,2,0,1,0.055514
2,"0to2",0,2,0,2,0.018802
2,"0to2",0,2,0,3,0.01804
2,"0to2",0,2,1,0,0.044198
2,"0to2",0,2,1,1,0.011662
2,"0to2",0,2,1,2,0.004361
2,"0to2",0,2,2,0,0.00259
2,"0to2",0,2,2,1,0.007812
2,"0to2",0,2,3,0,0
2,"12to24",12,24,0,0,0.266715
2,"12to24",12,24,0,1,0.180715
2,"12to24",12,24,0,2,0.013299
2,"12to24",12,24,0,4,0.034544
2,"12to24",12,24,1,0,0.096098
2,"12to24",12,24,1,1,0.020868
2,"12to24",12,24,1,2,0.059225
2,"12to24",12,24,1,3,0.008898
2,"12to24",12,24,2,0,0.027787
2,"12to24",12,24,2,3,0.013933
2,"12to24",12,24,2,4,0.028383
2,"12to24",12,24,3,0,0.223498
2,"12to24",12,24,3,1,0.009341
2,"12to24",12,24,4,1,0.013571
2,"12to24",12,24,4,2,0.003125
2,"2to4",2,4,0,0,0.749324
2,"2to4",2,4,0,1,0.089314
2,"2to4",2,4,0,2,0.033044
2,"2to4",2,4,0,3,0.015242
2,"2to4",2,4,0,4,0.006645
2,"2to4",2,4,1,0,0.057013
2,"2to4",2,4,1,1,0.033704
2,"2to4",2,4,1,2,0.000293
2,"2to4",2,4,2,0,0.004966
2,"2to4",2,4,2,3,0.002788
2,"2to4",2,4,3,0,0.002529
2,"2to4",2,4,3,2,0.000313
2,"2to4",2,4,4,0,0.004825
2,"4to8",4,8,0,0,0.614485
2,"4to8",4,8,0,1,0.114438
2,"4to8",4,8,0,2,0.06667
2,"4to8",4,8,0,3,0.015434
2,"4to8",4,8,0,4,0.012326
2,"4to8",4,8,1,0,0.050469
2,"4to8",4,8,1,1,0.062285
2,"4to8",4,8,1,2,0.001874
2,"4to8",4,8,1,3,0.006479
2,"4to8",4,8,1,4,0.005489
2,"4to8",4,8,2,0,0.014788
2,"4to8",4,8,2,1,0.022758
2,"4to8",4,8,2,2,0.003999
2,"4to8",4,8,2,3,0.000309
2,"4to8",4,8,3,0,0.001269
2,"4to8",4,8,3,1,0.002417
2,"4to8",4,8,3,2,0.00154
2,"4to8",4,8,4,0,0.001746
2,"4to8",4,8,4,1,0.000096
2,"4to8",4,8,4,3,0.001129
2,"8to12",8,12,0,0,0.602054
2,"8to12",8,12,0,1,0.156666
2,"8to12",8,12,0,2,0.042986
2,"8to12",8,12,0,3,0.011192
2,"8to12",8,12,0,4,0.000017
2,"8to12",8,12,1,0,0.039563
2,"8to12",8,12,1,1,0.027301
2,"8to12",8,12,1,2,0.007252
2,"8to12",8,12,1,3,0.017712
2,"8to12",8,12,1,4,0.003143
2,"8to12",8,12,2,0,0.007704
2,"8to12",8,12,2,1,0.029642
2,"8to12",8,12,2,2,0.001505
2,"8to12",8,12,2,3,0.024493
2,"8to12",8,12,2,4,0.000176
2,"8to12",8,12,3,0,0.015219
2,"8to12",8,12,3,1,0.001879
2,"8to12",8,12,3,2,0.001171
2,"8to12",8,12,4,1,0.007349
2,"8to12",8,12,4,2,0.000174
2,"8to12",8,12,4,4,0.002802
3,"0to2",0,2,0,0,0.893469
3,"0to2",0,2,0,1,0.048884
3,"0to2",0,2,1,0,0.006079
3,"0to2",0,2,1,1,0.051568
3,"12to24",12,24,0,0,0.241741
3,"12to24",12,24,0,1,0.475336
3,"12to24",12,24,0,2,0.186748
3,"12to24",12,24,0,3,0.047996
3,"12to24",12,24,0,4,0.010621
3,"12to24",12,24,1,1,0.018416
3,"12to24",12,24,1,2,0.012742
3,"12to24",12,24,2,0,0.00093
3,"12to24",12,24,2,1,0
3,"12to24",12,24,3,0,0.005102
3,"12to24",12,24,3,4,0.000368
3,"2to4",2,4,0,0,0.815447
3,"2to4",2,4,0,1,0.045261
3,"2to4",2,4,0,2,0.009582
3,"2to4",2,4,0,3,0.03772
3,"2to4",2,4,1,0,0.06523
3,"2to4",2,4,1,1,0.024822
3,"2to4",2,4,2,0,0.001938
3,"4to8",4,8,0,0,0.815616
3,"4to8",4,8,0,1,0.09051
3,"4to8",4,8,0,2,0.013331
3,"4to8",4,8,0,4,0.006463
3,"4to8",4,8,1,0,0.043411
3,"4to8",4,8,1,1,0.01833
3,"4to8",4,8,1,2,0.002064
3,"4to8",4,8,2,0,0.003215
3,"4to8",4,8,2,1,0.000562
3,"4to8",4,8,2,3,0.005145
3,"4to8",4,8,3,0,0.000799
3,"4to8",4,8,4,0,0.000554
3,"8to12",8,12,0,0,0.605689
3,"8to12",8,12,0,1,0.236248
3,"8to12",8,12,0,2,0.043029
3,"8to12",8,12,0,3,0.017234
3,"8to12",8,12,0,4,0.00855
3,"8to12",8,12,1,0,0.037076
3,"8to12",8,12,1,1,0.028258
3,"8to12",8,12,1,2,0.004615
3,"8to12",8,12,1,3,0.005761
3,"8to12",8,12,2,0,0.00399
3,"8to12",8,12,2,1,0.00106
3,"8to12",8,12,2,2,0.008465
3,"8to12",8,12,3,2,0.000025
4,"0to2",0,2,0,0,0.829775
4,"0to2",0,2,0,1,0.082612
4,"0to2",0,2,0,2,0.019267
4,"0to2",0,2,0,3,0.005592
4,"0to2",0,2,0,4,0.000232
4,"0to2",0,2,1,0,0.044189
4,"0to2",0,2,1,1,0.005935
4,"0to2",0,2,1,2,0.001584
4,"0to2",0,2,1,3,0.000585
4,"0to2",0,2,2,0,0.006799
4,"0to2",0,2,2,1,0.001883
4,"0to2",0,2,3,0,0.001508
4,"0to2",0,2,4,0,0.000039
4,"12to24",12,24,0,0,0.116626
4,"12to24",12,24,0,1,0.24795
4,"12to24",12,24,0,2,0.163756
4,"12to24",12,24,0,3,0.016016
4,"12to24",12,24,0,4,0.032023
4,"12to24",12,24,1,0,0.020059
4,"12to24",12,24,1,1,0.022997
4,"12to24",12,24,1,2,0.038204
4,"12to24",12,24,1,3,0.027812
4,"12to24",12,24,1,4,0.000345
4,"12to24",12,24,2,0,0.001483
4,"12to24",12,24,2,1,0.025512
4,"12to24",12,24,2,4,0.013286
4,"12to24",12,24,3,1,0.02968
4,"12to24",12,24,4,0,0.148465
4,"12to24",12,24,4,1,0.082531
4,"12to24",12,24,4,2,0.013255
4,"2to4",2,4,0,0,0.344236
4,"2to4",2,4,0,1,0.270751
4,"2to4",2,4,0,2,0.065257
4,"2to4",2,4,0,3,0.020925
4,"2to4",2,4,0,4,0.028002
4,"2to4",2,4,1,0,0.072046
4,"2to4",2,4,1,1,0.03083
4,"2to4",2,4,1,2,0.019878
4,"2to4",2,4,1,3,0.007373
4,"2to4",2,4,1,4,0.003505
4,"2to4",2,4,2,0,0.059349
4,"2to4",2,4,2,1,0.010408
4,"2to4",2,4,2,2,0.009578
4,"2to4",2,4,2,4,0.010506
4,"2to4",2,4,3,0,0.026608
4,"2to4",2,4,3,1,0.007543
4,"2to4",2,4,3,2,0.000074
4,"2to4",2,4,3,3,0.004192
4,"2to4",2,4,4,0,0.004812
4,"2to4",2,4,4,1,0.000469
4,"2to4",2,4,4,2,0.003658
4,"4to8",4,8,0,0,0.321523
4,"4to8",4,8,0,1,0.142864
4,"4to8",4,8,0,2,0.04454
4,"4to8",4,8,0,3,0.036708
4,"4to8",4,8,0,4,0.036362
4,"4to8",4,8,1,0,0.139536
4,"4to8",4,8,1,1,0.06047
4,"4to8",4,8,1,2,0.040315
4,"4to8",4,8,1,3,0.012715
4,"4to8",4,8,1,4,0.022863
4,"4to8",4,8,2,0,0.036333
4,"4to8",4,8,2,1,0.006519
4,"4to8",4,8,2,2,0.007575
4,"4to8",4,8,2,3,0.000734
4,"4to8",4,8,2,4,0.001672
4,"4to8",4,8,3,0,0.009211
4,"4to8",4,8,3,1,0.012947
4,"4to8",4,8,3,3,0.001992
4,"4to8",4,8,4,0,0.015735
4,"4to8",4,8,4,1,0.044376
4,"4to8",4,8,4,3,0.00501
4,"8to12",8,12,0,0,0.354591
4,"8to12",8,12,0,1,0.181413
4,"8to12",8,12,0,2,0.015188
4,"8to12",8,12,0,3,0.004307
4,"8to12",8,12,0,4,0.038933
4,"8to12",8,12,1,0,0.059427
4,"8to12",8,12,1,1,0.07254
4,"8to12",8,12,1,2,0.047064
4,"8to12",8,12,1,3,0.00749
4,"8to12",8,12,1,4,0.019663
4,"8to12",8,12,2,0,0.081059
4,"8to12",8,12,2,2,0.014703
4,"8to12",8,12,2,3,0.000867
4,"8to12",8,12,2,4,0.001939
4,"8to12",8,12,3,0,0.006344
4,"8to12",8,12,3,1,0.000635
4,"8to12",8,12,3,2,0.019092
4,"8to12",8,12,3,4,0.006287
4,"8to12",8,12,4,0,0.026872
4,"8to12",8,12,4,1,0.009922
4,"8to12",8,12,4,2,0.01874
4,"8to12",8,12,4,3,0.012924
5,"0to2",0,2,0,0,0.727696
5,"0to2",0,2,0,1,0.112685
5,"0to2",0,2,0,2,0.027434
5,"0to2",0,2,0,3,0.004153
5,"0to2",0,2,0,4,0.000529
5,"0to2",0,2,1,0,0.07793
5,"0to2",0,2,1,1,0.016194
5,"0to2",0,2,1,2,0.005637
5,"0to2",0,2,1,3,0.000075
5,"0to2",0,2,1,4,0.000168
5,"0to2",0,2,2,0,0.01765
5,"0to2",0,2,2,1,0.002414
5,"0to2",0,2,2,2,0.000536
5,"0to2",0,2,2,4,0.000022
5,"0to2",0,2,3,0,0.005794
5,"0to2",0,2,3,1,0.000017
5,"0to2",0,2,3,4,0.000078
5,"0to2",0,2,4,0,0.000988
5,"12to24",12,24,0,0,0.146485
5,"12to24",12,24,0,1,0.2088
5,"12to24",12,24,0,2,0.050423
5,"12to24",12,24,0,3,0.031416
5,"12to24",12,24,0,4,0.02671
5,"12to24",12,24,1,0,0.054855
5,"12to24",12,24,1,1,0.151472
5,"12to24",12,24,1,2,0.006837
5,"12to24",12,24,1,3,0.01416
5,"12to24",12,24,1,4,0.018209
5,"12to24",12,24,2,0,0.089453
5,"12to24",12,24,2,1,0.068251
5,"12to24",12,24,2,2,0.00747
5,"12to24",12,24,2,3,0.03101
5,"12to24",12,24,2,4,0.003692
5,"12to24",12,24,3,0,0.052263
5,"12to24",12,24,3,1,0.015851
5,"12to24",12,24,4,1,0.022643
5,"2to4",2,4,0,0,0.32119
5,"2to4",2,4,0,1,0.187421
5,"2to4",2,4,0,2,0.085132
5,"2to4",2,4,0,3,0.028983
5,"2to4",2,4,0,4,0.013204
5,"2to4",2,4,1,0,0.136621
5,"2to4",2,4,1,1,0.054479
5,"2to4",2,4,1,2,0.019381
5,"2to4",2,4,1,3,0.006556
5,"2to4",2,4,1,4,0.0034
5,"2to4",2,4,2,0,0.046026
5,"2to4",2,4,2,1,0.03061
5,"2to4",2,4,2,2,0.009821
5,"2to4",2,4,2,3,0.001881
5,"2to4",2,4,2,4,0.000711
5,"2to4",2,4,3,0,0.032522
5,"2to4",2,4,3,1,0.011613
5,"2to4",2,4,3,2,0.000912
5,"2to4",2,4,3,3,0.000316
5,"2to4",2,4,4,0,0.006205
5,"2to4",2,4,4,1,0.002036
5,"2to4",2,4,4,2,0.000653
5,"2to4",2,4,4,3,0.000327
5,"4to8",4,8,0,0,0.163185
5,"4to8",4,8,0,1,0.159014
5,"4to8",4,8,0,2,0.101754
5,"4to8",4,8,0,3,0.04603
5,"4to8",4,8,0,4,0.037508
5,"4to8",4,8,1,0,0.098804
5,"4to8",4,8,1,1,0.05621
5,"4to8",4,8,1,2,0.036004
5,"4to8",4,8,1,3,0.022419
5,"4to8",4,8,1,4,0.021589
5,"4to8",4,8,2,0,0.035395
5,"4to8",4,8,2,1,0.024549
5,"4to8",4,8,2,2,0.008069
5,"4to8",4,8,2,3,0.012171
5,"4to8",4,8,2,4,0.011287
5,"4to8",4,8,3,0,0.034109
5,"4to8",4,8,3,1,0.016282
5,"4to8",4,8,3,2,0.015022
5,"4to8",4,8,3,3,0.001633
5,"4to8",4,8,3,4,0.00877
5,"4to8",4,8,4,0,0.030401
5,"4to8",4,8,4,1,0.037602
5,"4to8",4,8,4,2,0.013977
5,"4to8",4,8,4,3,0.004929
5,"4to8",4,8,4,4,0.003287
5,"8to12",8,12,0,0,0.137107
5,"8to12",8,12,0,1,0.110586
5,"8to12",8,12,0,2,0.072591
5,"8to12",8,12,0,3,0.119658
5,"8to12",8,12,0,4,0.06115
5,"8to12",8,12,1,0,0.046188
5,"8to12",8,12,1,1,0.050037
5,"8to12",8,12,1,2,0.05634
5,"8to12",8,12,1,3,0.018151
5,"8to12",8,12,1,4,0.016744
5,"8to12",8,12,2,0,0.022382
5,"8to12",8,12,2,1,0.123524
5,"8to12",8,12,2,2,0.01242
5,"8to12",8,12,2,3,0.018009
5,"8to12",8,12,2,4,0.002427
5,"8to12",8,12,3,0,0.000944
5,"8to12",8,12,3,1,0.017928
5,"8to12",8,12,3,2,0.046218
5,"8to12",8,12,3,4,0.000939
5,"8to12",8,12,4,0,0.0278
5,"8to12",8,12,4,1,0.012409
5,"8to12",8,12,4,2,0.005437
5,"8to12",8,12,4,3,0.013396
5,"8to12",8,12,4,4,0.007615
6,"0to2",0,2,0,0,0.837765
6,"0to2",0,2,0,1,0.067663
6,"0to2",0,2,0,2,0.007778
6,"0to2",0,2,0,3,0.002903
6,"0to2",0,2,0,4,0.000411
6,"0to2",0,2,1,0,0.055494
6,"0to2",0,2,1,1,0.01129
6,"0to2",0,2,1,2,0.003145
6,"0to2",0,2,2,0,0.010763
6,"0to2",0,2,2,1,0.000444
6,"0to2",0,2,2,2,0.000603
6,"0to2",0,2,2,4,0.000023
6,"0to2",0,2,3,0,0.001043
6,"0to2",0,2,3,1,0.000365
6,"0to2",0,2,4,0,0.00031
6,"12to24",12,24,0,0,0.406297
6,"12to24",12,24,0,1,0.103339
6,"12to24",12,24,0,2,0.054287
6,"12to24",12,24,0,3,0.015717
6,"12to24",12,24,0,4,0.014476
6,"12to24",12,24,1,0,0.026027
6,"12to24",12,24,1,1,0.048701
6,"12to24",12,24,1,2,0.022506
6,"12to24",12,24,1,3,0.027693
6,"12to24",12,24,1,4,0.012256
6,"12to24",12,24,2,0,0.081792
6,"12to24",12,24,2,1,0.035867
6,"12to24",12,24,2,2,0.010537
6,"12to24",12,24,3,0,0.029236
6,"12to24",12,24,3,1,0.014281
6,"12to24",12,24,3,2,0.000286
6,"12to24",12,24,3,3,0.05035
6,"12to24",12,24,3,4,0.001015
6,"12to24",12,24,4,0,0.015639
6,"12to24",12,24,4,1,0.017819
6,"12to24",12,24,4,2,0.011879
6,"2to4",2,4,0,0,0.672855
6,"2to4",2,4,0,1,0.127106
6,"2to4",2,4,0,2,0.022745
6,"2to4",2,4,0,3,0.011774
6,"2to4",2,4,0,4,0.003751
6,"2to4",2,4,1,0,0.081598
6,"2to4",2,4,1,1,0.02684
6,"2to4",2,4,1,2,0.007924
6,"2to4",2,4,1,3,0.000864
6,"2to4",2,4,1,4,0.001258
6,"2to4",2,4,2,0,0.024991
6,"2to4",2,4,2,1,0.004061
6,"2to4",2,4,2,2,0.001361
6,"2to4",2,4,2,3,0.000278
6,"2to4",2,4,2,4,0.000712
6,"2to4",2,4,3,0,0.008332
6,"2to4",2,4,3,1,0.001042
6,"2to4",2,4,3,2,0.000297
6,"2to4",2,4,4,0,0.001447
6,"2to4",2,4,4,1,0.000274
6,"2to4",2,4,4,2,0.000388
6,"2to4",2,4,4,3,0.000102
6,"4to8",4,8,0,0,0.508485
6,"4to8",4,8,0,1,0.137516
6,"4to8",4,8,0,2,0.045169
6,"4to8",4,8,0,3,0.008847
6,"4to8",4,8,0,4,0.012155
6,"4to8",4,8,1,0,0.095893
6,"4to8",4,8,1,1,0.056816
6,"4to8",4,8,1,2,0.010646
6,"4to8",4,8,1,3,0.008326
6,"4to8",4,8,1,4,0.002083
6,"4to8",4,8,2,0,0.033111
6,"4to8",4,8,2,1,0.016801
6,"4to8",4,8,2,2,0.013961
6,"4to8",4,8,2,3,0.007175
6,"4to8",4,8,2,4,0.00142
6,"4to8",4,8,3,0,0.009513
6,"4to8",4,8,3,1,0.006192
6,"4to8",4,8,3,2,0.00537
6,"4to8",4,8,3,3,0.00095
6,"4to8",4,8,3,4,0.001439
6,"4to8",4,8,4,0,0.011205
6,"4to8",4,8,4,1,0.00203
6,"4to8",4,8,4,2,0.004196
6,"4to8",4,8,4,3,0.000194
6,"4to8",4,8,4,4,0.000507
6,"8to12",8,12,0,0,0.365188
6,"8to12",8,12,0,1,0.143175
6,"8to12",8,12,0,2,0.062735
6,"8to12",8,12,0,3,0.022585
6,"8to12",8,12,0,4,0.013512
6,"8to12",8,12,1,0,0.126679
6,"8to12",8,12,1,1,0.048031
6,"8to12",8,12,1,2,0.028483
6,"8to12",8,12,1,3,0.007242
6,"8to12",8,12,1,4,0.001812
6,"8to12",8,12,2,0,0.050905
6,"8to12",8,12,2,1,0.035415
6,"8to12",8,12,2,2,0.005951
6,"8to12",8,12,2,3,0.010784
6,"8to12",8,12,2,4,0.01482
6,"8to12",8,12,3,0,0.009006
6,"8to12",8,12,3,1,0.005521
6,"8to12",8,12,3,2,0.000854
6,"8to12",8,12,3,3,0.001993
6,"8to12",8,12,4,0,0.028104
6,"8to12",8,12,4,1,0.015714
6,"8to12",8,12,4,2,0.001163
6,"8to12",8,12,4,3,0.00022
6,"8to12",8,12,4,4,0.000108
