alt,vehicle_year,NumMakes,NumModels,MPG,Range,NewPrice,auto_operating_cost,co2gpm,body_type_num_coded,fuel_type_num_coded,logged_models,logged_makes
1,2017,39,738,24,0,32926.61346,20.17,388.85,1,3,6.605297921,3.688879454
2,2016,39,734,23.7,0,33383.61537,20.32822785,392.27,1,3,6.599870499,3.688879454
3,2015,39,740,23.4,0,33369.12233,20.49051282,398.43,1,3,6.608000625,3.688879454
4,2014,41,717,23.2,0,32571.33539,20.60103448,402.86,1,3,6.576469569,3.737669618
5,2013,40,702,23.1,0,32976.62731,20.65701299,402.94,1,3,6.555356892,3.713572067
6,2012,42,668,22.4,0,32959.56219,21.06285714,417.59,1,3,6.50578406,3.761200116
7,2011,42,617,21.7,0,34409.88113,21.49488479,428.48,1,3,6.426488457,3.761200116
8,2010,44,641,21.5,0,35279.71318,21.62348837,434.37,1,3,6.464588304,3.80666249
9,2009,45,637,21,0,35638.52401,21.95571429,444.46,1,3,6.458338283,3.828641396
10,2008,46,649,20.5,0,35745.78309,22.30414634,454.02,1,3,6.476972363,3.850147602
11,2007,43,594,20.3,0,37613.76774,22.44832512,454.23,1,3,6.388561406,3.784189634
12,2006,43,595,20.2,0,38581.65596,22.52148515,456.18,1,3,6.390240667,3.784189634
13,2005,41,661,20.4,0,37537.36453,22.37588235,452.05,1,3,6.495265556,3.737669618
14,2004,43,628,20.6,0,37988.14511,22.2331068,445.25,1,3,6.444131257,3.784189634
15,2003,42,573,20.5,0,37597.37624,22.30414634,450.5,1,3,6.352629396,3.761200116
16,2002,42,543,20.8,0,37380.8733,22.09307692,439.76,1,3,6.298949247,3.761200116
17,2001,39,505,21,0,37361.09207,21.95571429,437.72,1,3,6.226536669,3.688879454
18,2000,39,473,21,0,38856.86312,21.95571429,437.7,1,3,6.161207322,3.688879454
19,1999,40,483,21.2,0,38447.21363,21.8209434,435.35,1,3,6.182084907,3.713572067
20,1998,42,464,21.3,0,38952.55256,21.75450704,433.86,1,3,6.142037406,3.761200116
21,2017,3,9,35.2,0,38787.1746,16.19272727,290,1,2,2.302585093,1.386294361
22,2016,2,8,31.4,0,39325.51763,17.22414013,325.13,1,2,2.197224577,1.098612289
23,2015,4,23,32.8,0,39308.445,16.81634146,311.57,1,2,3.17805383,1.609437912
24,2014,4,20,31.5,0,38368.66109,17.19380952,322.3,1,2,3.044522438,1.609437912
25,2013,2,12,31.8,0,38846.09034,17.10396226,319.17,1,2,2.564949357,1.098612289
26,2012,2,8,32.3,0,38825.98783,16.9579257,314.55,1,2,2.197224577,1.098612289
27,2011,3,8,31.4,0,40534.44697,17.22414013,324.25,1,2,2.197224577,1.386294361
28,2010,3,8,31.4,0,41559.0992,17.22414013,324.25,1,2,2.197224577,1.386294361
29,2009,3,6,30.2,0,41981.77425,17.60377483,339.1,1,2,1.945910149,1.386294361
30,2008,1,1,26,0,42108.12422,19.20846154,391.54,1,2,0.693147181,0.693147181
31,2007,1,1,26,0,44308.58881,19.20846154,391.54,1,2,0.693147181,0.693147181
32,2006,2,7,32.3,0,45448.75007,16.9579257,317.06,1,2,2.079441542,1.098612289
33,2005,2,13,32,0,44218.5867,17.045,321.07,1,2,2.63905733,1.098612289
34,2004,1,10,32.6,0,44749.60108,16.87245399,315.61,1,2,2.397895273,0.693147181
35,2003,1,8,35.6,0,44289.27981,16.09696629,287.33,1,2,2.197224577,0.693147181
36,2002,1,8,35.6,0,44034.24182,16.09696629,287.33,1,2,2.197224577,0.693147181
37,2001,1,6,35.5,0,44010.93975,16.12070423,288.19,1,2,1.945910149,0.693147181
38,2000,1,6,35.5,0,45772.94097,16.12070423,288.19,1,2,1.945910149,0.693147181
39,1999,2,8,34.5,0,45290.37855,16.36565217,299.48,1,2,2.197224577,1.098612289
40,1998,2,8,33.8,0,45885.66203,16.54573964,306.26,1,2,2.197224577,1.098612289
41,2017,11,29,40.4,0,34769.7517,15.09574257,242.55,1,4,3.401197382,2.48490665
42,2016,14,31,36.8,0,35252.33528,15.82217391,253.65,1,4,3.465735903,2.708050201
43,2015,12,33,35.5,0,35237.03096,16.12070423,261.42,1,4,3.526360525,2.564949357
44,2014,15,40,34.8,0,34394.58617,16.29068966,270.95,1,4,3.713572067,2.772588722
45,2013,15,34,35.3,0,34822.56518,16.16858357,265.21,1,4,3.555348061,2.772588722
46,2012,12,25,34.2,0,34804.54481,16.44192982,280.1,1,4,3.258096538,2.564949357
47,2011,11,20,33.6,0,36336.04847,16.59857143,285.2,1,4,3.044522438,2.48490665
48,2010,8,13,34.5,0,37254.57126,16.36565217,276.5,1,4,2.63905733,2.197224577
49,2009,6,8,32.3,0,37633.4673,16.9579257,293.75,1,4,2.197224577,1.945910149
50,2008,6,8,31.8,0,37746.73043,17.10396226,299.43,1,4,2.197224577,1.945910149
51,2007,5,7,33.3,0,39719.27956,16.67900901,281.75,1,4,2.079441542,1.791759469
52,2006,2,5,42.4,0,40741.3474,14.7454717,224.05,1,4,1.791759469,1.098612289
53,2005,2,8,41.9,0,39638.59951,14.82990453,218.55,1,4,2.197224577,1.098612289
54,2004,2,7,43.9,0,40114.61351,14.50371298,204.44,1,4,2.079441542,1.098612289
55,2003,2,7,43.3,0,39701.9705,14.59840647,207.34,1,4,2.079441542,1.098612289
56,2002,2,3,47,0,39473.34834,14.05297872,191.17,1,4,1.386294361,1.098612289
57,2001,2,4,47,0,39452.45982,14.05297872,190.65,1,4,1.609437912,1.098612289
58,2000,1,1,53,0,41031.95988,13.33037736,167.68,1,4,0.693147181,0.693147181
59,2017,9,14,35.1,0,56882.64178,16.21700855,138.64,1,5,2.708050201,2.302585093
60,2016,8,14,33.8,0,65356.24918,16.54573964,142.21,1,5,2.708050201,2.197224577
61,2015,8,11,32.1,0,55150.60558,17.01579439,181.55,1,5,2.48490665,2.197224577
62,2014,8,10,35.1,0,44172.85443,16.21700855,160,1,5,2.397895273,2.197224577
63,2013,3,4,40.8,0,52370.99125,15.02294118,118,1,5,1.609437912,1.386294361
64,2012,3,3,35.7,0,47444.73245,16.07336134,129.67,1,5,1.386294361,1.386294361
65,2011,1,1,37,0,38741.26195,15.77810811,84,1,5,0.693147181,0.693147181
66,2017,13,23,108.7,169,65091.20275,10.4298896,0,1,1,3.17805383,2.63905733
67,2016,11,25,103.1,173,74787.61065,10.57979631,0,1,1,3.258096538,2.48490665
68,2015,10,18,103.2,157,63109.22167,10.57697674,0,1,1,2.944438979,2.397895273
69,2014,10,13,106.1,115,50547.30465,10.49752121,0,1,1,2.63905733,2.397895273
70,2013,9,12,104.3,105,59928.48966,10.54631831,0,1,1,2.564949357,2.302585093
71,2012,5,5,95.6,113,54291.33743,10.80807531,0,1,1,1.791759469,1.791759469
72,2011,3,4,93.8,73,44331.89559,10.86829424,0,1,1,1.609437912,1.386294361
73,2017,9,17,18.4,0,30190.16873,24.11434783,510.06,5,3,2.890371758,2.302585093
74,2016,9,17,18,0,30609.19041,24.47666667,516.47,5,3,2.890371758,2.302585093
75,2015,11,32,16.3,0,30595.90185,26.21490798,577.5,5,3,3.496507561,2.48490665
76,2014,12,48,15.7,0,29864.41689,26.91828025,587.94,5,3,3.891820298,2.564949357
77,2013,11,48,15.9,0,30236.02606,26.67792453,587.33,5,3,3.891820298,2.48490665
78,2012,12,51,15.4,0,30220.37918,27.29051948,603.9,5,3,3.951243719,2.564949357
79,2011,11,47,15.1,0,31550.1659,27.67754967,611,5,3,3.871201011,2.48490665
80,2010,10,30,17.2,0,32347.70849,25.25186047,530.66,5,3,3.433987204,2.397895273
81,2009,11,43,16.4,0,32676.69949,26.10268293,553.56,5,3,3.784189634,2.48490665
82,2008,11,46,16.5,0,32775.04455,25.99181818,550.05,5,3,3.850147602,2.48490665
83,2007,13,49,16.3,0,34487.78588,26.21490798,553.75,5,3,3.912023005,2.63905733
84,2006,14,52,16.7,0,35375.23544,25.77407186,542.24,5,3,3.970291914,2.708050201
85,2005,14,65,16.4,0,34417.73234,26.10268293,549.76,5,3,4.189654742,2.708050201
86,2004,13,64,16,0,34831.04973,26.56,565.75,5,3,4.17438727,2.63905733
87,2003,12,68,15.8,0,34472.75663,26.79734177,574.52,5,3,4.234106505,2.564949357
88,2002,14,65,16,0,34274.24668,26.56,564.71,5,3,4.189654742,2.708050201
89,2001,13,62,15.8,0,34256.10942,26.79734177,571.5,5,3,4.143134726,2.63905733
90,2000,14,69,16.1,0,35627.57086,26.44354037,562.93,5,3,4.248495242,2.708050201
91,1999,13,67,15.9,0,35251.96627,26.67792453,566.55,5,3,4.219507705,2.63905733
92,1998,4,37,14.5,0,35715.30779,28.49965517,615.25,5,3,3.63758616,1.609437912
93,2017,1,1,32,0,53599.94056,17.185,106,5,5,0.693147181,0.693147181
94,2017,30,318,21.2,0,37821.12858,22.3309434,432.19,4,3,5.765191103,3.433987204
95,2016,27,293,21.4,0,38346.06347,22.19869159,429.37,4,3,5.683579767,3.33220451
96,2015,26,301,20.9,0,38329.41605,22.53406699,438.28,4,3,5.710427017,3.295836866
97,2014,26,271,20.3,0,37413.03871,22.95832512,449.05,4,3,5.605802066,3.295836866
98,2013,27,267,20,0,37878.57695,23.18,460.25,4,3,5.590986981,3.33220451
99,2012,28,257,19.5,0,37858.97512,23.56461538,468.49,4,3,5.552959585,3.36729583
100,2011,29,287,19.4,0,39524.88281,23.64391753,473.4,4,3,5.66296048,3.401197382
101,2010,31,280,18.9,0,40524.01472,24.05301587,484.89,4,3,5.638354669,3.465735903
102,2009,34,325,18.2,0,40936.16249,24.66351648,502.83,4,3,5.786897381,3.555348061
103,2008,34,313,17.7,0,41059.36555,25.12915254,515.69,4,3,5.749392986,3.555348061
104,2007,34,294,17.6,0,43205.02465,25.22545455,515.55,4,3,5.686975356,3.555348061
105,2006,33,279,17.3,0,44316.78868,25.52104046,527.77,4,3,5.634789603,3.526360525
106,2005,33,280,17.1,0,43117.26416,25.72385965,531.9,4,3,5.638354669,3.526360525
107,2004,33,260,16.6,0,43635.05292,26.25228916,546.56,4,3,5.564520407,3.526360525
108,2003,31,253,16.8,0,43186.19656,26.03714286,544.4,4,3,5.537334267,3.465735903
109,2002,31,222,16.7,0,42937.51063,26.14407186,546.93,4,3,5.407171771,3.465735903
110,2001,28,195,17.1,0,42914.78893,25.72385965,534.91,4,3,5.278114659,3.36729583
111,2000,22,163,17,0,44632.90518,25.82705882,539.03,4,3,5.099866428,3.135494216
112,1999,22,160,17.2,0,44162.36162,25.62186047,533.63,4,3,5.081404365,3.135494216
113,1998,25,167,17.4,0,44742.81877,25.42137931,523.18,4,3,5.123963979,3.258096538
114,2017,3,5,25,0,44897.93782,20.18,405,4,2,1.791759469,1.386294361
115,2016,7,11,25,0,45521.09463,20.18,407.73,4,2,2.48490665,2.079441542
116,2015,6,10,25.2,0,45501.33227,20.0847619,409.8,4,2,2.397895273,1.945910149
117,2014,6,8,24.5,0,44413.4892,20.42489796,418.88,4,2,2.197224577,1.945910149
118,2013,5,5,23.4,0,44966.1355,21.00051282,438.4,4,2,1.791759469,1.791759469
119,2012,3,3,21,0,44942.86593,22.46571429,485.59,4,2,1.386294361,1.386294361
120,2011,3,3,21.3,0,46920.48592,22.26450704,478.24,4,2,1.386294361,1.386294361
121,2010,3,3,20.7,0,48106.56799,22.67275362,493.58,4,2,1.386294361,1.386294361
122,2009,3,3,20.7,0,48595.8338,22.67275362,493.58,4,2,1.386294361,1.386294361
123,2008,3,6,19.7,0,48742.08969,23.4084264,520.36,4,2,1.945910149,1.386294361
124,2007,3,6,19.7,0,51289.22862,23.4084264,520.36,4,2,1.945910149,1.386294361
125,2006,2,2,19,0,52609.0177,23.96947368,541.79,4,2,1.098612289,1.098612289
126,2005,1,1,21,0,51185.04703,22.46571429,484.76,4,2,0.693147181,0.693147181
127,2004,1,1,18,0,51799.72059,24.84666667,565.56,4,2,0.693147181,0.693147181
128,1999,2,2,15,0,52425.69538,28.18,678.67,4,2,1.098612289,1.098612289
129,1998,2,2,15,0,53114.76338,28.18,678.67,4,2,1.098612289,1.098612289
130,2017,5,10,29.6,0,40628.40849,18.31513514,302.1,4,4,2.397895273,1.791759469
131,2016,5,11,29.1,0,41192.30676,18.48927835,305.82,4,4,2.48490665,1.791759469
132,2015,7,13,27.5,0,41174.42369,19.08909091,323.54,4,4,2.63905733,2.079441542
133,2014,8,12,26.3,0,40190.02808,19.58684411,334.08,4,4,2.564949357,2.197224577
134,2013,8,13,23.1,0,40690.12098,21.16701299,386.15,4,4,2.63905733,2.197224577
135,2012,8,14,23.9,0,40669.0642,20.73230126,381.01,4,4,2.708050201,2.197224577
136,2011,12,20,24.9,0,42458.62419,20.22819277,370.01,4,4,3.044522438,2.564949357
137,2010,11,17,26.1,0,43531.91684,19.67425287,351.19,4,4,2.890371758,2.48490665
138,2009,10,16,25.4,0,43974.65635,19.99102362,361.73,4,4,2.833213344,2.397895273
139,2008,8,14,26.1,0,44107.00417,19.67425287,349.33,4,4,2.708050201,2.197224577
140,2007,5,8,26.8,0,46411.9252,19.37402985,332.95,4,4,2.197224577,1.791759469
141,2006,5,8,27,0,47606.21011,19.29111111,329.48,4,4,2.197224577,1.791759469
142,2005,1,2,28,0,46317.65066,18.89428571,317.8,4,4,1.098612289,0.693147181
143,2017,4,4,23,0,66088.39654,21.22347826,260,4,5,1.609437912,1.609437912
144,2016,4,4,23,0,75933.35291,21.22347826,260.5,4,5,1.609437912,1.609437912
145,2015,1,1,22,0,64076.05162,21.81636364,260,4,5,0.693147181,0.693147181
146,2017,2,7,87.4,245,75017.02367,11.61249428,0,4,1,2.079441542,1.098612289
147,2016,2,6,87.5,237,86192.04627,11.60857143,0,4,1,1.945910149,1.098612289
148,2014,2,2,69.5,115,58255.31238,12.49654676,0,4,1,1.098612289,1.098612289
149,2013,2,2,69.5,115,69067.04343,12.49654676,0,4,1,1.098612289,1.098612289
150,2012,2,2,69,113,62570.27637,12.52782609,0,4,1,1.098612289,1.098612289
151,2017,8,84,18.5,0,33196.53386,24.54621622,488.67,3,3,4.442651256,2.197224577
152,2016,7,72,18.5,0,33657.28211,24.54621622,488.18,3,3,4.290459441,2.079441542
153,2015,6,66,18.6,0,33642.67026,24.45903226,485.79,3,3,4.204692619,1.945910149
154,2014,8,65,17.1,0,32838.34335,25.87385965,531.12,3,3,4.189654742,2.197224577
155,2013,7,69,16.9,0,33246.9577,26.08147929,532.93,3,3,4.248495242,2.079441542
156,2012,8,100,17.3,0,33229.7527,25.67104046,520.49,3,3,4.615120517,2.197224577
157,2011,8,110,17.3,0,34691.96081,25.67104046,522.85,3,3,4.709530201,2.197224577
158,2010,10,108,17.2,0,35568.92344,25.77186047,525.8,3,3,4.691347882,2.397895273
159,2009,11,138,16.8,0,35930.67567,26.18714286,534.88,3,3,4.934473933,2.48490665
160,2008,14,148,16.3,0,36038.81401,26.73490798,556.44,3,3,5.003946306,2.708050201
161,2007,12,162,16.1,0,37922.11173,26.96354037,558.22,3,3,5.093750201,2.564949357
162,2006,12,151,16.2,0,38897.93434,26.84851852,561,3,3,5.023880521,2.564949357
163,2005,7,127,16.4,0,37845.08219,26.62268293,556.04,3,3,4.852030264,2.079441542
164,2004,7,140,16.3,0,38299.55811,26.73490798,557.48,3,3,4.94875989,2.079441542
165,2003,8,127,15.8,0,37905.58585,27.31734177,571.99,3,3,4.852030264,2.197224577
166,2002,9,127,15.7,0,37687.3081,27.43828025,577.81,3,3,4.852030264,2.302585093
167,2001,8,126,16,0,37667.36471,27.08,566.42,3,3,4.844187086,2.197224577
168,2000,8,119,16.5,0,39175.39755,26.51181818,550.73,3,3,4.787491743,2.197224577
169,1999,8,119,16,0,38762.38991,27.08,566.51,3,3,4.787491743,2.197224577
170,1998,8,124,16.1,0,39271.87141,26.96354037,561.74,3,3,4.828313737,2.197224577
171,2017,3,7,23,0,39835.84063,21.37347826,448.43,3,2,2.079441542,1.386294361
172,2016,3,7,23.6,0,40388.73853,21.04186441,434.71,3,2,2.079441542,1.386294361
173,2015,1,3,23,0,40371.20431,21.37347826,443.67,3,2,1.386294361,0.693147181
174,2014,1,2,22.5,0,39406.01202,21.66333333,450.5,3,2,1.098612289,0.693147181
175,2011,1,1,20,0,41630.35298,23.33,509,3,2,0.693147181,0.693147181
176,1998,2,4,15,0,47126.2457,28.33,678.67,3,2,1.609437912,1.098612289
177,2017,2,4,19,0,36516.18724,24.11947368,467.5,3,4,1.609437912,1.098612289
178,2016,2,4,19,0,37023.01032,24.11947368,468,3,4,1.609437912,1.098612289
179,2013,2,4,21,0,36571.65347,22.61571429,420.5,3,4,1.609437912,1.098612289
180,2012,2,4,21,0,36552.72796,22.61571429,423.19,3,4,1.609437912,1.098612289
181,2011,2,4,21,0,38161.1569,22.61571429,423.19,3,4,1.609437912,1.098612289
182,2010,2,4,21.5,0,39125.81578,22.28348837,413.57,3,4,1.609437912,1.098612289
183,2009,2,4,20.5,0,39523.74323,22.96414634,433.77,3,4,1.609437912,1.098612289
184,2007,2,4,16.5,0,41714.3229,26.51181818,539.1,3,4,1.609437912,1.098612289
185,2006,2,4,16.5,0,42787.72777,26.51181818,539.1,3,4,1.609437912,1.098612289
186,2005,2,4,16.5,0,41629.5904,26.51181818,539.1,3,4,1.609437912,1.098612289
187,2004,2,4,16.5,0,42129.51392,26.51181818,539.1,3,4,1.609437912,1.098612289
188,2017,11,23,53,0,11531.02445,12.49037736,365.46,2,3,3.17805383,2.48490665
189,2016,13,28,53,0,11691.06825,12.49037736,365.46,2,3,3.36729583,2.63905733
190,2015,11,30,53,0,11685.99273,12.49037736,365.46,2,3,3.433987204,2.48490665
191,2014,11,30,53,0,11406.60473,12.49037736,365.46,2,3,3.433987204,2.48490665
192,2013,12,30,53,0,11548.53949,12.49037736,365.46,2,3,3.433987204,2.564949357
193,2012,12,25,53,0,11542.56322,12.49037736,365.46,2,3,3.258096538,2.564949357
194,2011,12,26,53,0,12050.47039,12.49037736,365.46,2,3,3.295836866,2.564949357
195,2010,11,29,53,0,12355.08887,12.49037736,365.46,2,3,3.401197382,2.48490665
196,2009,12,30,53,0,12480.74577,12.49037736,365.46,2,3,3.433987204,2.564949357
197,2008,11,28,53,0,12518.30831,12.49037736,365.46,2,3,3.36729583,2.48490665
198,2007,12,32,53,0,13172.48359,12.49037736,365.46,2,3,3.496507561,2.564949357
199,2006,12,33,53,0,13511.4417,12.49037736,365.46,2,3,3.526360525,2.564949357
200,2005,12,27,53,0,13145.7269,12.49037736,365.46,2,3,3.33220451,2.564949357
201,2004,10,26,53,0,13303.59196,12.49037736,365.46,2,3,3.295836866,2.397895273
202,2003,11,30,53,0,13166.74322,12.49037736,365.46,2,3,3.433987204,2.48490665
203,2002,13,31,53,0,13090.92308,12.49037736,365.46,2,3,3.465735903,2.63905733
204,2001,15,33,53,0,13083.99561,12.49037736,365.46,2,3,3.526360525,2.772588722
205,2000,10,22,53,0,13607.82029,12.49037736,365.46,2,3,3.135494216,2.397895273
206,1999,10,20,53,0,13464.35949,12.49037736,365.46,2,3,3.044522438,2.397895273
207,1998,15,40,53,0,13641.33109,12.49037736,365.46,2,3,3.713572067,2.772588722
208,2017,2,2,240,80,16712.08255,8.08,0,2,1,1.098612289,1.098612289
209,2016,2,2,240,80,19201.6228,8.08,0,2,1,1.098612289,1.098612289
210,2015,1,1,240,80,16203.21145,8.08,0,2,1,0.693147181,0.693147181
211,2014,1,1,240,80,12977.95542,8.08,0,2,1,0.693147181,0.693147181
212,2013,1,1,240,80,15386.5626,8.08,0,2,1,0.693147181,0.693147181
213,2012,1,1,240,80,13939.23102,8.08,0,2,1,0.693147181,0.693147181
214,2011,1,1,240,80,11382.15714,8.08,0,2,1,0.693147181,0.693147181
215,2010,1,1,240,80,11382.15714,8.08,0,2,1,0.693147181,0.693147181
216,2009,1,1,240,80,11382.15714,8.08,0,2,1,0.693147181,0.693147181
217,2008,1,1,240,80,11382.15714,8.08,0,2,1,0.693147181,0.693147181
218,2018,42,491,26.6,0,32448.10281,19.47063128,389.01,1,3,6.198478716,3.761200116
219,2019,41,480,26.5,0,32372.93152,20.37139066,391.09,1,3,6.17586727,3.737669618
220,2020,42,450,26.5,0,33028.75181,20.54914797,396.51,1,3,6.11146734,3.761200116
221,2021,37,387,26.5,0,33963.083,20.96135743,399.52,1,3,5.96100534,3.63758616
222,2022,35,357,26.4,0,36226.18865,21.75097825,400.76,1,3,5.880532986,3.583518938
223,2018,3,10,39.9,0,38223.49452,15.72567645,294.5,1,2,2.397895273,1.386294361
224,2018,14,26,42,0,55672.71188,14.74543329,160.81,1,5,3.295836866,2.708050201
225,2019,12,27,41.9,0,52973.07984,13.75832455,159.63,1,5,3.33220451,2.564949357
226,2018,11,20,171.1,186,63706.67155,9.35325814,0,1,1,3.044522438,2.48490665
227,2019,10,27,170.3,218,60617.46382,8.36178244,0,1,1,3.33220451,2.397895273
228,2020,8,26,164.3,252,53890.87424,9.28575722,0,1,1,3.295836866,2.197224577
229,2021,11,35,145.4,237,46325.45127,9.76325702,0,1,1,3.583518938,2.48490665
230,2022,13,49,144.9,280,39288.52891,10.39001451,0,1,1,3.912023005,2.63905733
231,2018,14,38,48.4,0,34264.45538,13.68814187,271.92,1,4,3.663561646,2.708050201
232,2019,15,50,46.6,0,34185.07622,14.13684304,288.85,1,4,3.931825633,2.772588722
233,2020,13,48,47.3,0,34877.60747,14.52719291,292.12,1,4,3.891820298,2.63905733
234,2021,9,67,42,0,35864.23986,15.92833112,308.86,1,4,4.219507705,2.302585093
235,2022,9,71,41.6,0,38254.02774,16.69691332,305.79,1,4,4.276666119,2.302585093
236,2018,9,17,23.8,0,29751.42585,20.85372301,426.8,5,3,2.890371758,2.302585093
237,2019,8,13,24.4,0,29682.50185,21.02435976,420,5,3,2.63905733,2.197224577
238,2020,8,14,25.2,0,30283.81863,21.31152426,404.26,5,3,2.708050201,2.197224577
239,2021,6,11,25.4,0,31140.5,21.75985753,404.46,5,3,2.48490665,1.945910149
240,2022,5,10,25,0,33215.52486,22.70710587,406.08,5,3,2.397895273,1.791759469
241,2020,1,1,42.7,0,44376.92858,14.47870954,119,5,5,0.693147181,0.693147181
242,2021,1,1,42.7,0,38147.1125,14.71870954,119,5,5,0.693147181,0.693147181
243,2018,31,229,24.3,0,37271.4877,20.9114856,426.11,4,3,5.438079309,3.465735903
244,2019,32,232,24.6,0,37185.14226,21.54521778,421.54,4,3,5.451038454,3.496507561
245,2020,32,249,24.9,0,37938.44972,21.86374984,419.11,4,3,5.521460918,3.496507561
246,2021,34,247,24.9,0,39011.6685,22.01161605,425.57,4,3,5.513428746,3.555348061
247,2022,34,266,24.9,0,41611.18303,22.80283385,427.6,4,3,5.587248658,3.555348061
248,2021,12,19,32.7,0,47035.15474,16.88415093,204.74,4,5,2.995732274,2.564949357
249,2022,13,20,36.7,0,39890.42711,16.49333018,163.4,4,5,3.044522438,2.63905733
250,2020,5,12,138.6,277,62108.74616,9.62505632,0,4,1,2.564949357,1.791759469
251,2021,6,16,143,267,53389.66446,9.7979982,0,4,1,2.833213344,1.945910149
252,2022,9,36,135.8,264,45279.67497,10.52888226,0,4,1,3.610917913,2.302585093
253,2019,12,26,29,0,39945.21597,18.05169897,403.27,4,4,3.295836866,2.564949357
254,2020,11,37,30.2,0,40754.43781,18.13310971,404.05,4,4,3.63758616,2.48490665
255,2021,12,49,31.6,0,41907.31645,18.26436293,383.41,4,4,3.912023005,2.564949357
256,2022,12,65,31.1,0,44699.7804,19.13549958,384.41,4,4,4.189654742,2.564949357
257,2018,8,40,20.7,0,32714.10055,22.59299279,489.23,3,3,3.713572067,2.197224577
258,2019,8,54,20.7,0,32638.31304,23.25024037,491.81,3,3,4.007333185,2.197224577
259,2020,9,40,20.5,0,33299.5095,23.40835822,492.81,3,3,3.713572067,2.302585093
260,2021,8,41,20,0,34241.5,24.11521656,507.29,3,3,3.737669618,2.197224577
261,2022,8,43,20.4,0,36523.15777,24.56938261,504.07,3,3,3.784189634,2.197224577
262,2018,4,12,25.8,0,39256.92066,19.75280135,444.25,3,2,2.564949357,1.609437912
263,2020,4,16,26.7,0,39959.4114,20.03844372,430.56,3,2,2.833213344,1.609437912
264,2021,5,16,26.9,0,41089.8,20.30624743,429.19,3,2,2.833213344,1.791759469
265,2022,4,16,26.7,0,43827.78933,21.11683143,434.82,3,2,2.833213344,1.609437912
266,2022,5,17,23.8,0,40175.47355,22.08138867,459.96,3,4,2.890371758,1.791759469
267,2018,11,27,53,0,11363.44821,12.91037736,365.46,2,3,3.33220451,2.538973871
268,2019,11,26,53,0,11337.12294,14.19037736,365.46,2,3,3.295836866,2.556365614
269,2020,11,25,53,0,11566.79369,14.05037736,365.46,2,3,3.270835564,2.527209029
270,2021,11,26,53,0,11894,14.49037736,365.46,2,3,3.299943648,2.540921291
271,2003,2,8,20,0,41476.29453,18.9,527.25,5,2,2.197224577,1.098612289
272,2019,2,2,20.5,0,35619.00222,23.36414634,330,5,2,1.098612289,1.098612289
273,2003,2,2,23,0,51401.9456,17.14347826,290,4,2,1.098612289,1.098612289
274,2004,4,9,14,0,46080.55484,28.82857143,953,3,2,2.302585093,1.609437912
275,2005,5,9,16,0,45533.7469,26.35,343,3,2,2.302585093,1.791759469
276,2007,4,9,16,0,45626.42588,26.95,337.5,3,2,2.302585093,1.609437912
277,2009,4,9,16,0,43230.40662,27.35,337.5,3,2,2.302585093,1.609437912
278,2010,4,9,16.5,0,42795.16026,26.98181818,331.25,3,2,2.302585093,1.609437912
279,2012,4,9,16.5,0,39980.76002,27.68181818,331.25,3,2,2.302585093,1.609437912
280,2013,4,9,16.5,0,40001.46042,27.98181818,331.88,3,2,2.302585093,1.609437912
281,2018,5,10,29.6,0,40628.40849,18.31513514,302.1,4,4,2.397895273,1.791759469
282,2018,4,4,23,0,66088.39654,21.22347826,260,4,5,1.609437912,1.609437912
283,2018,2,7,87.4,245,75017.02367,11.61249428,0,4,1,2.079441542,1.098612289
284,2020,9,14,35.1,0,56882.64178,16.21700855,138.64,1,5,2.708050201,2.302585093
285,2020,4,4,23,0,66088.39654,21.22347826,260,4,5,1.609437912,1.609437912
286,2021,9,14,35.1,0,56882.64178,16.21700855,138.64,1,5,2.708050201,2.302585093
287,2022,9,14,35.1,0,56882.64178,16.21700855,138.64,1,5,2.708050201,2.302585093
288,2019,4,4,23,0,66088.39654,21.22347826,260,4,5,1.609437912,1.609437912
289,2019,2,7,87.4,245,75017.02367,11.61249428,0,4,1,2.079441542,1.098612289
